City_ID,City,Lat,Lng,Max Temp,Humidity,Cloudiness,Wind Speed,Country,Date
0,Lasa,46.6166,10.7002,54.86,33,5,2.8,IT,2022-02-09 17:38:24
1,Upernavik,72.7868,-56.1549,-12.21,68,96,8.72,GL,2022-02-09 17:38:24
2,Cape Town,-33.9258,18.4232,73.89,71,0,12.66,ZA,2022-02-09 17:37:24
3,Bluff,-46.6,168.3333,59.81,97,100,3.8,NZ,2022-02-09 17:38:25
4,Tambura,5.6,27.4667,82.06,22,19,4.54,SS,2022-02-09 17:38:25
5,Thompson,55.7435,-97.8558,-3.84,71,75,5.75,CA,2022-02-09 17:38:18
6,Kapaa,22.0752,-159.319,71.92,79,20,9.22,US,2022-02-09 17:38:09
7,Saint George,37.1041,-113.5841,57.34,33,0,0.0,US,2022-02-09 17:36:50
8,Rikitea,-23.1203,-134.9692,78.71,68,4,16.06,PF,2022-02-09 17:38:07
9,Fortuna,40.5982,-124.1573,64.74,87,0,5.75,US,2022-02-09 17:38:26
10,Chokurdakh,70.6333,147.9167,-37.39,99,84,8.72,RU,2022-02-09 17:38:26
11,Saskylakh,71.9167,114.0833,-10.98,97,37,7.14,RU,2022-02-09 17:38:26
12,Qaanaaq,77.484,-69.3632,-21.98,76,83,5.61,GL,2022-02-09 17:38:27
13,Tasiilaq,65.6145,-37.6368,17.76,63,50,7.74,GL,2022-02-09 17:38:17
14,Klaksvik,62.2266,-6.589,32.92,89,98,22.19,FO,2022-02-09 17:36:35
15,Naze,28.3667,129.4833,57.13,88,99,5.93,JP,2022-02-09 17:38:27
16,Severo-Kurilsk,50.6789,156.125,30.79,93,100,17.6,RU,2022-02-09 17:38:28
17,Luganville,-15.5333,167.1667,78.26,87,100,8.63,VU,2022-02-09 17:38:28
18,Saint-Philippe,-21.3585,55.7679,78.39,78,98,6.98,RE,2022-02-09 17:38:28
19,Poum,-20.2333,164.0167,81.28,87,100,28.36,NC,2022-02-09 17:38:29
20,Busselton,-33.65,115.3333,62.1,69,10,12.53,AU,2022-02-09 17:38:06
21,Punta Arenas,-53.15,-70.9167,53.71,37,40,29.93,CL,2022-02-09 17:36:44
22,Omboue,-1.5746,9.2618,79.14,87,42,7.85,GA,2022-02-09 17:38:29
23,Kalmunai,7.4167,81.8167,75.6,83,81,7.67,LK,2022-02-09 17:38:30
24,Barrow,71.2906,-156.7887,-25.58,68,0,14.97,US,2022-02-09 17:38:30
25,Canar,-2.55,-78.9333,59.04,74,79,2.28,EC,2022-02-09 17:38:30
26,Victoria,22.2855,114.1577,63.95,85,100,5.99,HK,2022-02-09 17:36:18
27,Castro,-24.7911,-50.0119,74.17,65,45,3.42,BR,2022-02-09 17:38:31
28,Port Alfred,-33.5906,26.891,69.51,81,0,7.87,ZA,2022-02-09 17:38:31
29,New Richmond,45.123,-92.5366,36.03,75,100,12.66,US,2022-02-09 17:35:07
30,Airai,-8.9266,125.4092,61.93,91,100,1.14,TL,2022-02-09 17:38:31
31,Kodiak,57.79,-152.4072,24.31,68,75,27.63,US,2022-02-09 17:38:32
32,Chornobay,49.6708,32.3239,31.71,93,94,9.95,UA,2022-02-09 17:38:32
33,Tlaxco,19.6167,-98.1167,55.29,45,1,3.02,MX,2022-02-09 17:38:32
34,Talaya,61.3833,152.75,-34.2,87,87,1.01,RU,2022-02-09 17:38:33
35,Bilma,18.6853,12.9164,71.38,7,0,10.38,NE,2022-02-09 17:38:33
36,Soure,-0.7167,-48.5233,82.42,74,73,7.76,BR,2022-02-09 17:38:34
37,Burnie,-41.0667,145.9167,57.94,87,78,8.16,AU,2022-02-09 17:38:34
38,Atuona,-9.8,-139.0333,77.9,78,25,18.39,PF,2022-02-09 17:38:10
39,Tautira,-17.7333,-149.15,84.22,78,73,17.09,PF,2022-02-09 17:38:34
40,Hermanus,-34.4187,19.2345,69.8,82,0,12.93,ZA,2022-02-09 17:38:16
41,Cherskiy,68.75,161.3,-44.81,100,76,4.41,RU,2022-02-09 17:35:10
42,Shenjiamen,29.9576,122.298,43.65,86,100,8.81,CN,2022-02-09 17:38:35
43,Pervomayskoye,43.919,46.7102,43.93,83,86,2.39,RU,2022-02-09 17:38:35
44,Armidale,-30.5167,151.65,50.92,89,0,2.71,AU,2022-02-09 17:39:36
45,Santa Maria Del Oro,25.9333,-105.3667,57.56,20,40,1.23,MX,2022-02-09 17:39:36
46,Albany,42.6001,-73.9662,40.26,56,10,1.99,US,2022-02-09 17:39:36
47,Mataura,-46.1927,168.8643,59.49,99,100,2.19,NZ,2022-02-09 17:39:37
48,Avarua,-21.2078,-159.775,75.25,94,100,1.14,CK,2022-02-09 17:38:10
49,The Valley,18.217,-63.0578,82.26,83,40,10.36,AI,2022-02-09 17:39:37
50,Jamestown,42.097,-79.2353,47.52,52,0,12.66,US,2022-02-09 17:35:10
51,Chuy,-33.6971,-53.4616,75.22,55,50,10.67,UY,2022-02-09 17:38:15
52,Luderitz,-26.6481,15.1594,75.51,52,1,19.71,NA,2022-02-09 17:39:38
53,Matcha,54.6335,42.3501,15.19,96,100,3.83,RU,2022-02-09 17:39:38
54,Voh,-20.9667,164.7,79.12,92,100,14.23,NC,2022-02-09 17:39:38
55,Vaini,-21.2,-175.2,78.96,94,20,8.05,TO,2022-02-09 17:38:05
56,Tuktoyaktuk,69.4541,-133.0374,-32.8,68,40,17.27,CA,2022-02-09 17:38:10
57,Cabo San Lucas,22.8909,-109.9124,76.6,45,0,3.0,MX,2022-02-09 17:39:39
58,Ushuaia,-54.8,-68.3,58.62,35,40,13.8,AR,2022-02-09 17:34:51
59,Lavrentiya,65.5833,-171.0,-25.35,91,57,7.14,RU,2022-02-09 17:39:39
60,Muisne,0.6,-80.0333,82.51,81,99,9.08,EC,2022-02-09 17:39:39
61,Pisticci,40.3906,16.5568,53.04,36,0,5.55,IT,2022-02-09 17:39:40
62,Broken Hill,-31.95,141.4333,71.31,49,16,19.57,AU,2022-02-09 17:39:40
63,Saldanha,-33.0117,17.9442,71.65,89,32,7.34,ZA,2022-02-09 17:39:40
64,Baruun-Urt,46.6806,113.2792,-4.07,97,28,2.77,MN,2022-02-09 17:39:41
65,Muravlenko,63.7898,74.523,-9.89,91,21,10.36,RU,2022-02-09 17:39:41
66,Hailar,49.2,119.7,-12.03,100,100,2.73,CN,2022-02-09 17:39:42
67,Puerto Ayora,-0.7393,-90.3518,80.56,70,35,9.62,EC,2022-02-09 17:38:09
68,Tilichiki,60.4667,166.1,-19.17,84,18,7.65,RU,2022-02-09 17:39:42
69,Brownsville,25.9018,-97.4975,68.02,47,0,3.44,US,2022-02-09 17:39:42
70,Larap,14.299,122.6504,74.82,89,14,7.78,PH,2022-02-09 17:39:43
71,Puerto Narino,-3.7703,-70.3831,82.35,94,100,2.1,CO,2022-02-09 17:39:43
72,Yellowknife,62.456,-114.3525,-9.58,78,100,8.05,CA,2022-02-09 17:39:43
73,Bethel,41.3712,-73.414,44.02,55,0,9.22,US,2022-02-09 17:38:16
74,Yuzhno-Kurilsk,44.0306,145.8556,20.32,85,54,11.77,RU,2022-02-09 17:39:44
75,Kavieng,-2.5744,150.7967,80.37,81,48,5.75,PG,2022-02-09 17:39:44
76,Avera,33.194,-82.5271,58.91,38,0,6.15,US,2022-02-09 17:39:45
77,Olafsvik,64.8945,-23.7142,26.56,44,95,12.88,IS,2022-02-09 17:39:45
78,Buala,-8.145,159.5921,79.32,83,97,9.26,SB,2022-02-09 17:39:45
79,Khatanga,71.9667,102.5,-1.16,91,100,15.19,RU,2022-02-09 17:39:46
80,Dingle,10.9995,122.6711,73.58,88,72,8.19,PH,2022-02-09 17:39:46
81,Ilulissat,69.2167,-51.1,10.42,61,100,20.71,GL,2022-02-09 17:39:47
82,Mudgal,16.0167,76.4333,74.8,44,53,9.6,IN,2022-02-09 17:39:47
83,Buchanan,5.8808,-10.0467,87.76,74,99,9.93,LR,2022-02-09 17:39:47
84,Tenenkou,14.4572,-4.9169,88.05,8,0,10.13,ML,2022-02-09 17:39:47
85,Cururupu,-1.8283,-44.8683,83.77,75,47,4.65,BR,2022-02-09 17:39:48
86,Port-Gentil,-0.7193,8.7815,81.03,80,97,10.09,GA,2022-02-09 17:39:48
87,Gizo,-8.103,156.8419,81.72,79,94,9.28,SB,2022-02-09 17:39:48
88,Ancud,-41.8697,-73.8203,72.43,62,70,10.85,CL,2022-02-09 17:40:49
89,Ponta Do Sol,32.6667,-17.1,71.71,78,100,5.77,PT,2022-02-09 17:40:50
90,Shahpur,16.7,76.8333,76.89,44,98,4.92,IN,2022-02-09 17:40:51
91,Nouakchott,18.0858,-15.9785,94.93,18,54,12.97,MR,2022-02-09 17:38:24
92,Kenai,60.5544,-151.2583,19.45,93,100,10.36,US,2022-02-09 17:40:53
93,Souillac,-20.5167,57.5167,79.18,78,40,3.44,MU,2022-02-09 17:40:54
94,Dikson,73.5069,80.5464,-0.54,95,100,20.85,RU,2022-02-09 17:40:54
95,Dhadar,28.3305,75.0632,61.84,60,1,6.49,IN,2022-02-09 17:40:54
96,Singkang,2.1006,102.7994,76.89,97,100,2.93,MY,2022-02-09 17:40:55
97,Geraldton,-28.7667,114.6,66.61,82,0,6.91,AU,2022-02-09 17:40:55
98,Santa Ines,-3.6667,-45.38,84.92,73,58,3.47,BR,2022-02-09 17:40:55
99,Lima,-12.0432,-77.0282,72.14,73,0,10.36,PE,2022-02-09 17:39:54
100,Ponnampet,12.15,75.9333,63.55,98,48,1.68,IN,2022-02-09 17:40:56
101,Charters Towers,-20.1,146.2667,71.28,85,47,6.2,AU,2022-02-09 17:40:56
102,Bautzen,51.1833,14.4333,48.06,78,100,11.01,DE,2022-02-09 17:40:56
103,Praya,14.9215,-23.5087,82.94,39,0,17.27,CV,2022-02-09 17:40:57
104,Opuwo,-18.0607,13.84,76.08,60,97,16.02,NA,2022-02-09 17:40:57
105,Aku,6.7081,7.3167,93.27,21,71,5.01,NG,2022-02-09 17:40:57
106,Lesnoy,57.6198,63.0784,10.22,95,25,7.45,RU,2022-02-09 17:40:57
107,Yulara,-25.2406,130.9889,76.84,50,3,6.91,AU,2022-02-09 17:40:58
108,Kaitangata,-46.2817,169.8464,58.6,99,100,9.31,NZ,2022-02-09 17:40:58
109,Norman Wells,65.282,-126.8329,-11.16,64,100,21.85,CA,2022-02-09 17:40:59
110,Hithadhoo,-0.6,73.0833,82.9,70,64,14.18,MV,2022-02-09 17:40:59
111,Bredasdorp,-34.5322,20.0403,74.52,53,0,18.41,ZA,2022-02-09 17:38:08
112,Sitka,57.0531,-135.33,46.29,87,100,13.8,US,2022-02-09 17:39:46
113,Torbay,47.6666,-52.7314,41.58,89,75,21.85,CA,2022-02-09 17:41:00
114,Waldoboro,44.0954,-69.3756,39.88,54,7,5.59,US,2022-02-09 17:41:00
115,Tuatapere,-46.1333,167.6833,59.83,98,80,0.67,NZ,2022-02-09 17:41:00
116,Siavonga,-16.5382,28.7088,76.89,81,88,7.31,ZM,2022-02-09 17:41:01
117,Karratha,-20.7377,116.8463,85.53,65,54,3.04,AU,2022-02-09 17:41:01
118,Itupiranga,-5.1347,-49.3267,89.92,55,92,3.51,BR,2022-02-09 17:37:39
119,New Norfolk,-42.7826,147.0587,62.1,65,84,1.99,AU,2022-02-09 17:41:02
120,Mansa,29.9833,75.3833,53.49,74,8,6.26,IN,2022-02-09 17:41:02
121,Chongwe,-15.3292,28.682,67.05,94,90,0.49,ZM,2022-02-09 17:41:03
122,Surt,31.2089,16.5887,57.36,59,97,14.32,LY,2022-02-09 17:41:03
123,Mazyr,52.0495,29.2456,34.43,83,100,10.85,BY,2022-02-09 17:41:03
124,Dana Point,33.467,-117.6981,83.34,26,1,3.0,US,2022-02-09 17:41:04
125,Hambantota,6.1241,81.1185,75.67,78,38,4.34,LK,2022-02-09 17:41:04
126,Mercedes,-34.6515,-59.4307,82.85,22,0,6.15,AR,2022-02-09 17:41:05
127,Pevek,69.7008,170.3133,-32.64,99,100,5.77,RU,2022-02-09 17:41:05
128,Fort Pierce,27.4467,-80.3256,64.08,81,100,8.05,US,2022-02-09 17:41:05
129,Gallup,35.5281,-108.7426,41.02,33,0,1.01,US,2022-02-09 17:41:06
130,Bayevo,53.2833,80.7667,-8.93,97,6,6.78,RU,2022-02-09 17:41:06
131,Salalah,17.0151,54.0924,75.29,12,0,6.91,OM,2022-02-09 17:41:06
132,Jacqueville,5.2052,-4.4146,85.91,84,54,12.59,CI,2022-02-09 17:41:07
133,Hilo,19.7297,-155.09,67.8,92,100,6.91,US,2022-02-09 17:41:09
134,Boa Vista,2.8197,-60.6733,91.38,38,40,8.05,BR,2022-02-09 17:41:08
135,Kaka,37.3482,59.6143,50.23,37,0,2.01,TM,2022-02-09 17:42:07
136,Birobidzhan,48.8,132.95,-2.51,99,100,2.42,RU,2022-02-09 17:42:08
137,Butaritari,3.0707,172.7902,81.64,78,97,16.6,KI,2022-02-09 17:40:58
138,Kieta,-6.2167,155.6333,79.32,84,91,3.24,PG,2022-02-09 17:42:08
139,Olinda,-8.0089,-34.8553,85.73,62,40,9.22,BR,2022-02-09 17:41:14
140,Limon,10.0,-83.0333,82.29,69,0,4.61,CR,2022-02-09 17:42:09
141,Lewistown,40.5992,-77.5714,51.19,45,0,0.0,US,2022-02-09 17:42:10
142,Mananjary,-21.2167,48.3333,77.36,91,41,8.05,MG,2022-02-09 17:42:10
143,Amalapuram,16.5833,82.0167,67.12,83,36,2.93,IN,2022-02-09 17:42:11
144,Biak,-0.9131,122.8766,76.66,83,100,4.27,ID,2022-02-09 17:42:11
145,San Carlos De Bariloche,-41.1456,-71.3082,73.15,28,75,19.57,AR,2022-02-09 17:42:11
146,Fairbanks,64.8378,-147.7164,-6.39,75,100,3.44,US,2022-02-09 17:40:49
147,Strelka,58.0728,93.0344,-22.16,100,27,1.81,RU,2022-02-09 17:42:12
148,Linxia,35.6003,103.2064,13.71,88,50,3.69,CN,2022-02-09 17:42:12
149,Rancho Palos Verdes,33.7445,-118.387,83.08,31,0,1.99,US,2022-02-09 17:42:13
150,Bara,10.3744,10.7288,91.18,10,74,8.95,NG,2022-02-09 17:42:13
151,Bahawalpur,29.4,71.6833,61.88,38,26,2.04,PK,2022-02-09 17:42:13
152,Namatanai,-3.6667,152.4333,78.69,82,80,0.85,PG,2022-02-09 17:42:14
153,Port Elizabeth,-33.918,25.5701,72.1,77,0,10.36,ZA,2022-02-09 17:38:12
154,Namibe,-15.1961,12.1522,74.93,75,100,12.84,AO,2022-02-09 17:42:14
155,Vanimo,-2.6741,141.3028,77.07,89,89,2.59,PG,2022-02-09 17:42:14
156,Hobart,-42.8794,147.3294,62.46,82,100,1.14,AU,2022-02-09 17:40:17
157,Old Shinyanga,-3.55,33.4,71.98,71,97,6.51,TZ,2022-02-09 17:42:15
158,Aykhal,66.0,111.5,-10.59,81,80,3.02,RU,2022-02-09 17:42:16
159,Waconia,44.8508,-93.7869,35.35,71,100,17.31,US,2022-02-09 17:42:16
160,Deori,21.45,82.6167,70.7,35,49,1.66,IN,2022-02-09 17:42:16
161,Elizabeth City,36.2946,-76.2511,57.22,41,0,4.61,US,2022-02-09 17:42:17
162,Lorengau,-2.0226,147.2712,80.94,81,47,4.32,PG,2022-02-09 17:42:17
163,Hun,29.1268,15.9477,53.26,50,24,10.02,LY,2022-02-09 17:42:18
164,Mount Isa,-20.7333,139.5,76.77,83,10,0.0,AU,2022-02-09 17:42:18
165,Katiola,8.1333,-5.1,92.07,15,13,5.57,CI,2022-02-09 17:42:19
166,Sakakah,29.9697,40.2064,74.77,37,65,12.66,SA,2022-02-09 17:41:28
167,Finschhafen,-6.6024,147.8681,80.2,82,78,7.99,PG,2022-02-09 17:42:19
168,Solnechnyy,50.7214,136.6319,-2.27,98,88,2.13,RU,2022-02-09 17:42:20
169,Kars,40.602,43.095,32.45,80,75,8.05,TR,2022-02-09 17:42:20
170,Clyde River,70.4692,-68.5914,-19.97,69,75,25.32,CA,2022-02-09 17:37:43
171,Luwuk,-0.9516,122.7875,77.31,85,100,4.25,ID,2022-02-09 17:42:21
172,Ugoofaaru,5.6667,73.0,81.37,73,66,9.82,MV,2022-02-09 17:42:21
173,Gravdal,68.1214,13.5031,33.48,100,75,6.91,NO,2022-02-09 17:42:21
174,Sarhari,26.0977,68.4786,64.4,59,0,4.61,PK,2022-02-09 17:42:22
175,Christchurch,-43.5333,172.6333,63.91,96,100,4.61,NZ,2022-02-09 17:42:08
176,Caravelas,-17.7125,-39.2481,84.88,62,71,10.71,BR,2022-02-09 17:43:22
177,Erdenet,49.0333,104.0833,-2.78,100,100,2.33,MN,2022-02-09 17:43:22
178,Awjilah,29.1081,21.2869,55.31,42,15,8.46,LY,2022-02-09 17:43:23
179,Pemba,-12.974,40.5178,81.3,83,75,9.22,MZ,2022-02-09 17:43:23
180,Verkhnyaya Inta,65.9811,60.3094,7.41,79,1,11.43,RU,2022-02-09 17:43:24
181,Port Moresby,-9.4431,147.1797,76.84,88,68,6.02,PG,2022-02-09 17:42:55
182,Mafinga,-7.25,35.0667,66.49,92,100,3.53,TZ,2022-02-09 17:43:24
183,Qaqortoq,60.7167,-46.0333,18.1,64,97,9.86,GL,2022-02-09 17:43:25
184,Simao,22.7886,100.9748,49.05,55,6,1.39,CN,2022-02-09 17:43:25
185,Mabaruma,8.2,-59.7833,82.54,61,94,7.23,GY,2022-02-09 17:43:25
186,Ayan,56.45,138.1667,10.83,79,100,7.9,RU,2022-02-09 17:41:45
187,Bandarbeyla,9.4942,50.8122,75.29,65,19,19.35,SO,2022-02-09 17:43:26
188,Kutum,14.2,24.6667,66.9,11,6,9.6,SD,2022-02-09 17:43:26
189,Mar Del Plata,-38.0023,-57.5575,78.82,69,0,11.5,AR,2022-02-09 17:41:26
190,Sola,-13.8833,167.55,81.88,80,100,26.8,VU,2022-02-09 17:38:13
191,Faya,18.3851,42.4509,59.52,77,5,4.59,SA,2022-02-09 17:43:27
192,Trairi,-3.2778,-39.2689,84.47,65,70,10.74,BR,2022-02-09 17:43:27
193,Port Hardy,50.6996,-127.4199,47.75,100,100,8.05,CA,2022-02-09 17:43:27
194,Hirtshals,57.5881,9.9592,39.85,75,39,27.31,DK,2022-02-09 17:43:28
195,Bodden Town,19.2833,-81.25,82.4,70,75,5.99,KY,2022-02-09 17:43:28
196,Pitimbu,-7.4706,-34.8086,88.39,64,85,11.3,BR,2022-02-09 17:43:29
197,Anito,12.4497,125.2886,77.67,81,100,9.75,PH,2022-02-09 17:43:29
198,Mandalgovi,45.7625,106.2708,2.57,89,93,9.55,MN,2022-02-09 17:43:29
199,Kisangani,0.5167,25.2,84.56,61,79,0.0,CD,2022-02-09 17:43:30
200,Abonnema,4.7084,6.7931,93.49,67,19,14.16,NG,2022-02-09 17:43:30
201,Berlevag,70.8578,29.0864,22.95,74,0,28.77,NO,2022-02-09 17:41:59
202,Podgornoye,51.735,39.1496,26.82,86,0,4.47,RU,2022-02-09 17:43:30
203,Marzuq,14.4,46.4667,63.39,41,0,0.11,YE,2022-02-09 17:43:31
204,Yeniseysk,58.4497,92.1703,-22.18,100,35,0.76,RU,2022-02-09 17:43:31
205,Walvis Bay,-22.9575,14.5053,72.55,73,10,12.66,NA,2022-02-09 17:43:31
206,Manicore,-5.8092,-61.3003,76.33,92,99,3.33,BR,2022-02-09 17:43:32
207,Oranjemund,-28.55,16.4333,65.91,80,2,15.21,NA,2022-02-09 17:43:32
208,Leshan,29.5623,103.7639,43.03,78,99,3.53,CN,2022-02-09 17:43:33
209,Bilibino,68.0546,166.4372,-34.87,100,74,0.83,RU,2022-02-09 17:43:33
210,Tevaitoa,-16.7833,-151.5,81.01,78,58,16.62,PF,2022-02-09 17:43:33
211,Pangnirtung,66.1451,-65.7125,-13.0,58,20,0.0,CA,2022-02-09 17:43:34
212,Carnarvon,-24.8667,113.6333,77.07,73,0,16.11,AU,2022-02-09 17:42:28
213,Awbari,26.5921,12.7805,54.28,45,0,10.96,LY,2022-02-09 17:43:34
214,Gandiaye,14.2333,-16.2667,100.51,4,5,12.01,SN,2022-02-09 17:43:34
215,Acapulco,16.8634,-99.8901,84.02,54,0,3.44,MX,2022-02-09 17:41:08
216,Werda,-25.2667,23.2833,80.17,42,81,5.61,BW,2022-02-09 17:43:35
217,Shitanjing,39.2342,106.3439,14.85,51,0,4.21,CN,2022-02-09 17:43:35
218,Sao Filipe,14.8961,-24.4956,76.84,58,5,5.93,CV,2022-02-09 17:43:35
219,Sao Joao Da Barra,-21.6403,-41.0511,78.89,91,100,12.88,BR,2022-02-09 17:43:36
220,Gavle,60.6745,17.1417,38.5,79,43,4.0,SE,2022-02-09 17:44:36
221,Cidreira,-30.1811,-50.2056,74.84,61,40,10.8,BR,2022-02-09 17:44:37
222,Haapiti,-17.5667,-149.8667,83.93,74,17,17.94,PF,2022-02-09 17:44:37
223,La Palma,33.8464,-118.0467,83.91,26,0,1.99,US,2022-02-09 17:44:37
224,Provideniya,64.3833,-173.3,-16.56,84,1,6.4,RU,2022-02-09 17:43:37
225,Kamenka,51.3223,42.7678,30.74,98,100,5.95,RU,2022-02-09 17:44:38
226,Sioux Lookout,50.1001,-91.917,15.87,79,100,19.57,CA,2022-02-09 17:44:38
227,Svetlogorsk,52.6333,29.7333,33.82,83,96,11.65,BY,2022-02-09 17:44:39
228,Beachwood,41.4645,-81.5087,42.13,58,100,11.5,US,2022-02-09 17:43:54
229,Pomezia,41.667,12.5052,56.34,73,0,6.91,IT,2022-02-09 17:44:39
230,Victor Harbor,-35.5667,138.6167,63.0,69,70,1.01,AU,2022-02-09 17:44:39
231,Port Keats,-14.25,129.55,79.3,86,17,4.79,AU,2022-02-09 17:44:40
232,Georgetown,5.4112,100.3354,80.53,93,20,0.0,MY,2022-02-09 17:44:40
233,Mosquera,4.7059,-74.2302,66.29,48,40,10.36,CO,2022-02-09 17:44:40
234,Port Lincoln,-34.7333,135.8667,60.76,73,92,6.91,AU,2022-02-09 17:44:41
235,Mazamari,-11.3258,-74.5308,86.27,53,95,1.45,PE,2022-02-09 17:44:41
236,Otane,-39.8833,176.6333,68.02,99,89,1.74,NZ,2022-02-09 17:44:41
237,East London,-33.0153,27.9116,68.94,88,20,9.22,ZA,2022-02-09 17:44:42
238,Surgut,61.25,73.4167,-6.92,83,0,4.47,RU,2022-02-09 17:44:42
239,Yago,21.8333,-105.0667,83.73,21,0,3.8,MX,2022-02-09 17:44:42
240,Vagur,61.4732,-6.8119,39.7,51,77,34.05,FO,2022-02-09 17:44:43
241,Camacha,33.0833,-16.3333,63.82,82,0,11.5,PT,2022-02-09 17:43:27
242,Karasjok,69.4719,25.5112,19.51,98,99,5.97,NO,2022-02-09 17:44:43
243,Bambous Virieux,-20.3428,57.7575,79.05,78,40,3.44,MU,2022-02-09 17:44:43
244,Asyut,27.181,31.1837,62.78,33,0,12.73,EG,2022-02-09 17:44:44
245,Vardo,70.3705,31.1107,26.58,80,75,13.8,NO,2022-02-09 17:41:57
246,Laguna,38.421,-121.4238,67.82,77,0,1.01,US,2022-02-09 17:44:44
247,Whitehorse,60.7161,-135.0538,36.37,80,40,15.01,CA,2022-02-09 17:44:44
248,Beringovskiy,63.05,179.3167,-20.51,87,9,8.25,RU,2022-02-09 17:44:45
249,Tucurui,-3.7661,-49.6725,88.48,61,70,1.52,BR,2022-02-09 17:44:45
250,Seoul,37.5683,126.9778,28.0,75,0,1.14,KR,2022-02-09 17:42:59
251,Sorland,67.667,12.6934,35.46,63,86,26.82,NO,2022-02-09 17:44:46
252,Gumdag,39.2061,54.5906,48.81,52,1,11.86,TM,2022-02-09 17:44:46
253,Coahuayana,18.7333,-103.6833,86.18,31,0,6.35,MX,2022-02-09 17:44:46
254,Maple Creek,49.9168,-109.4848,41.41,60,65,11.5,CA,2022-02-09 17:44:47
255,Kruisfontein,-34.0033,24.7314,69.89,79,0,4.88,ZA,2022-02-09 17:38:13
256,Kaeo,-35.1,173.7833,72.32,94,26,6.78,NZ,2022-02-09 17:44:47
257,Shimoda,34.6667,138.95,40.1,92,100,15.19,JP,2022-02-09 17:44:47
258,Vermillion,42.7794,-96.9292,44.06,48,36,20.65,US,2022-02-09 17:44:47
259,Marsh Harbour,26.5412,-77.0636,75.6,72,8,10.45,BS,2022-02-09 17:44:48
260,Krasnoselkup,65.7,82.4667,-12.39,87,39,10.65,RU,2022-02-09 17:44:48
261,Miri,4.4148,114.0089,77.14,100,40,2.3,MY,2022-02-09 17:44:48
262,Nikolskoye,59.7035,30.7861,35.71,96,63,8.03,RU,2022-02-09 17:44:49
263,Columbia,34.0007,-81.0348,57.74,40,0,5.75,US,2022-02-09 17:43:42
264,Oktyabrskiy,54.4815,53.471,21.22,92,100,12.62,RU,2022-02-09 17:44:11
265,Krasne,49.9145,24.6134,42.19,95,97,10.13,UA,2022-02-09 17:44:49
266,Saint-Georges,12.0564,-61.7485,83.88,65,40,21.85,GD,2022-02-09 17:40:38
267,Sarangani,5.4033,125.4636,82.06,72,100,16.15,PH,2022-02-09 17:44:50
268,Hobyo,5.3505,48.5268,77.02,72,98,22.01,SO,2022-02-09 17:44:50
269,Bonthe,7.5264,-12.505,82.22,72,35,11.5,SL,2022-02-09 17:45:50
270,Corowa,-36.0333,146.3833,67.01,65,7,6.17,AU,2022-02-09 17:45:51
271,Bakchar,57.0186,82.0711,-9.36,98,6,4.97,RU,2022-02-09 17:45:51
272,Lagunas,-5.2269,-75.6753,83.1,74,98,2.66,PE,2022-02-09 17:45:51
273,Batagay,67.6333,134.6333,-41.22,96,85,3.18,RU,2022-02-09 17:45:52
274,Codrington,-38.2667,141.9667,56.84,88,63,6.17,AU,2022-02-09 17:43:55
275,Husavik,66.0449,-17.3389,26.51,71,100,16.87,IS,2022-02-09 17:45:52
276,Kodino,63.7198,39.6447,24.42,95,100,5.93,RU,2022-02-09 17:45:52
277,Doha,25.2867,51.5333,64.38,61,0,9.22,QA,2022-02-09 17:45:53
278,Asau,46.4333,26.4,34.29,88,55,6.04,RO,2022-02-09 17:42:20
279,Todos Santos,23.45,-110.2167,76.1,61,2,5.14,MX,2022-02-09 17:45:53
280,Faanui,-16.4833,-151.75,81.0,77,64,15.5,PF,2022-02-09 17:45:53
281,Kuching,1.55,110.3333,75.42,94,40,5.75,MY,2022-02-09 17:45:54
282,Rawson,-43.3002,-65.1023,71.98,51,100,8.99,AR,2022-02-09 17:45:54
283,Methoni,36.8197,21.7049,50.22,53,0,8.19,GR,2022-02-09 17:45:54
284,Ambovombe,-25.1667,46.0833,76.05,86,40,6.78,MG,2022-02-09 17:45:55
285,Lively,46.4334,-81.1498,31.01,92,100,10.56,CA,2022-02-09 17:45:55
286,Ust-Kuyga,70.0167,135.6,-34.1,97,93,9.57,RU,2022-02-09 17:45:55
287,Kristiinankaupunki,62.2743,21.376,32.52,91,100,9.17,FI,2022-02-09 17:45:56
288,Evensk,61.95,159.2333,-11.43,72,24,5.91,RU,2022-02-09 17:45:56
289,Katangli,51.7102,143.2326,8.26,93,100,9.71,RU,2022-02-09 17:45:56
290,Maldonado,-34.6667,-54.9167,76.39,41,4,4.76,UY,2022-02-09 17:45:57
291,Ak-Dovurak,51.1833,90.6,-4.05,99,100,0.92,RU,2022-02-09 17:45:57
292,Nabire,-3.3667,135.4833,75.38,93,100,2.48,ID,2022-02-09 17:45:57
293,Iqaluit,63.7506,-68.5145,-16.31,62,20,12.66,CA,2022-02-09 17:45:58
294,Pachuca,20.117,-98.7333,59.99,34,5,5.19,MX,2022-02-09 17:45:58
295,Petropavl,54.8753,69.1628,-2.65,99,47,7.74,KZ,2022-02-09 17:45:59
296,Petropavlovsk-Kamchatskiy,53.0452,158.6483,19.99,100,75,2.24,RU,2022-02-09 17:45:59
297,Makat,47.6469,53.3463,27.63,88,100,18.32,KZ,2022-02-09 17:45:59
298,Kytmanovo,53.4593,85.4479,-13.63,100,52,2.26,RU,2022-02-09 17:45:59
299,Calvia,39.5657,2.5062,55.87,72,1,7.02,ES,2022-02-09 17:46:00
300,Roma,43.2128,-75.4557,42.87,58,0,9.22,US,2022-02-09 17:46:00
301,Pimentel,-6.8367,-79.9342,80.89,57,40,11.5,PE,2022-02-09 17:46:00
302,Ardesen,41.1911,40.9875,48.16,92,100,13.53,TR,2022-02-09 17:46:01
303,Vestmannaeyjar,63.4427,-20.2734,32.99,64,0,8.05,IS,2022-02-09 17:46:01
304,Pacific Grove,36.6177,-121.9166,70.39,47,0,3.0,US,2022-02-09 17:46:01
305,Gat,31.61,34.7642,56.08,100,60,17.22,IL,2022-02-09 17:46:02
306,Lebu,-37.6167,-73.65,64.45,63,3,19.75,CL,2022-02-09 17:46:02
307,Shellbrook,53.2168,-106.4011,16.83,95,97,5.1,CA,2022-02-09 17:46:02
308,Zyryanka,65.75,150.85,-42.84,100,58,5.06,RU,2022-02-09 17:42:14
309,Anadyr,64.75,177.4833,-23.3,76,0,11.18,RU,2022-02-09 17:46:03
310,Weimar,50.9833,11.3167,48.36,81,100,9.91,DE,2022-02-09 17:46:03
311,Porto Empedocle,37.2934,13.5264,52.84,62,0,4.81,IT,2022-02-09 17:46:04
312,Chingirlau,51.095,54.0814,14.32,94,95,11.27,KZ,2022-02-09 17:46:04
313,Jiaocheng,24.6774,116.1389,47.17,95,82,3.02,CN,2022-02-09 17:46:04
314,Hornepayne,49.2138,-84.7705,27.77,94,100,4.47,CA,2022-02-09 17:41:08
315,Srednekolymsk,67.45,153.6833,-43.58,99,72,6.29,RU,2022-02-09 17:46:05
316,Adrar,20.5022,-10.0711,78.82,7,18,11.43,MR,2022-02-09 17:46:05
317,Ambon,-3.6954,128.1814,75.34,94,40,5.75,ID,2022-02-09 17:46:06
318,Minab,27.1467,57.0801,66.52,59,0,2.3,IR,2022-02-09 17:47:06
319,Grand Gaube,-20.0064,57.6608,79.2,78,32,1.99,MU,2022-02-09 17:43:16
320,Umba,66.6871,34.3429,27.5,91,100,10.71,RU,2022-02-09 17:47:06
321,Arraial Do Cabo,-22.9661,-42.0278,76.86,73,75,4.61,BR,2022-02-09 17:46:13
322,Mezen,65.8522,44.24,20.41,93,100,11.34,RU,2022-02-09 17:47:07
323,Strathmore,51.0501,-113.3852,50.79,52,96,5.75,CA,2022-02-09 17:45:35
324,Peniche,39.3558,-9.3811,67.95,72,0,2.71,PT,2022-02-09 17:38:12
325,Atambua,-9.1061,124.8925,74.88,89,100,0.43,ID,2022-02-09 17:47:07
326,Baykit,61.67,96.37,-9.42,98,100,2.51,RU,2022-02-09 17:47:08
327,Haines Junction,60.7522,-137.5108,33.75,86,96,3.44,CA,2022-02-09 17:42:57
328,Launceston,-41.45,147.1667,60.62,92,75,8.05,AU,2022-02-09 17:47:08
329,Benghazi,32.1167,20.0667,55.35,56,7,16.98,LY,2022-02-09 17:47:08
330,Esperance,-33.8667,121.9,60.64,85,24,8.97,AU,2022-02-09 17:43:34
331,Makakilo City,21.3469,-158.0858,72.28,82,0,4.61,US,2022-02-09 17:45:53
332,Tamluk,22.3,87.9167,69.78,72,0,6.71,IN,2022-02-09 17:47:09
333,General Pico,-35.6566,-63.7568,90.77,28,0,13.18,AR,2022-02-09 17:47:09
334,Madiun,-7.6298,111.5239,74.97,89,100,2.77,ID,2022-02-09 17:47:09
335,Henties Bay,-22.116,14.2845,70.86,81,3,5.53,NA,2022-02-09 17:47:10
336,Lata,40.1629,-8.3327,61.21,60,0,1.59,PT,2022-02-09 17:47:10
337,Tessalit,20.1986,1.0114,75.63,6,1,9.93,ML,2022-02-09 17:47:11
338,Banjar,-8.19,114.9675,76.91,86,100,1.5,ID,2022-02-09 17:47:11
339,Kungurtug,50.5994,97.5228,-12.82,100,88,0.89,RU,2022-02-09 17:47:11
340,Matara,5.9485,80.5353,76.37,81,54,4.23,LK,2022-02-09 17:47:11
341,Havelock,34.8791,-76.9013,58.98,58,0,9.22,US,2022-02-09 17:43:29
342,Moranbah,-22.0016,148.0466,72.81,75,32,6.15,AU,2022-02-09 17:47:12
343,Mahebourg,-20.4081,57.7,79.09,78,40,3.44,MU,2022-02-09 17:47:12
344,Katobu,-4.9408,122.5276,75.18,91,95,1.52,ID,2022-02-09 17:47:13
345,Portland,45.5234,-122.6762,52.38,85,75,1.99,US,2022-02-09 17:43:46
346,Carbonear,47.7332,-53.2148,42.42,77,85,21.45,CA,2022-02-09 17:47:13
347,Padang,-0.9492,100.3543,75.61,65,100,7.25,ID,2022-02-09 17:47:13
348,Neuquen,-38.9516,-68.0591,91.29,27,0,3.44,AR,2022-02-09 17:47:13
349,Atar,20.5169,-13.0499,86.2,6,4,15.19,MR,2022-02-09 17:42:31
350,Harper,4.375,-7.7169,81.72,77,88,7.96,LR,2022-02-09 17:47:14
351,Constitucion,-35.3333,-72.4167,70.57,63,12,10.83,CL,2022-02-09 17:47:14
352,Boyolangu,-8.1181,111.8935,75.81,86,98,2.95,ID,2022-02-09 17:47:14
353,Ixtapa,20.7,-105.2,84.85,25,0,6.67,MX,2022-02-09 17:47:15
354,Khipro,25.8285,69.3772,66.83,20,0,7.16,PK,2022-02-09 17:47:15
355,Zharkent,44.1628,80.0,28.92,92,100,2.26,KZ,2022-02-09 17:47:15
356,Gold Coast,-28.0,153.4333,68.04,90,0,1.01,AU,2022-02-09 17:47:16
357,Aripuana,-9.1667,-60.6333,82.24,78,100,3.67,BR,2022-02-09 17:47:16
358,Jequie,-13.8575,-40.0836,86.49,55,41,5.06,BR,2022-02-09 17:47:16
359,Hasaki,35.7333,140.8333,39.6,59,94,13.02,JP,2022-02-09 17:47:17
360,Bengkulu,-3.8004,102.2655,77.31,83,100,5.44,ID,2022-02-09 17:47:17
361,Prince Rupert,54.3161,-130.3201,46.49,93,100,28.77,CA,2022-02-09 17:47:17
362,Bagdarin,54.4333,113.6,-3.35,100,100,2.17,RU,2022-02-09 17:47:18
363,Tecoanapa,16.5167,-98.75,82.15,57,3,9.06,MX,2022-02-09 17:48:18
364,Price,39.5994,-110.8107,47.12,36,0,14.97,US,2022-02-09 17:48:18
365,Hefei,31.8639,117.2808,37.42,93,100,4.47,CN,2022-02-09 17:48:19
366,Santa Fe,-31.6333,-60.7,92.01,25,5,11.01,AR,2022-02-09 17:47:28
367,Lagoa,39.05,-27.9833,58.64,73,6,13.78,PT,2022-02-09 17:45:52
368,Te Anau,-45.4167,167.7167,61.5,96,93,3.06,NZ,2022-02-09 17:48:19
369,Ostrovnoy,68.0531,39.5131,23.83,85,100,24.61,RU,2022-02-09 17:46:16
370,Sao Felix Do Xingu,-6.6447,-51.995,78.94,95,93,1.32,BR,2022-02-09 17:48:19
371,Halmstad,56.6745,12.8568,39.88,87,0,15.99,SE,2022-02-09 17:48:20
372,Morros,-9.4467,-46.3003,83.84,62,75,3.36,BR,2022-02-09 17:48:20
373,Sharjah,25.3573,55.4033,69.78,63,0,1.14,AE,2022-02-09 17:48:21
374,Russell,32.3502,-85.1999,61.38,37,0,0.0,US,2022-02-09 17:45:24
375,Zapotiltic,19.6167,-103.4333,75.13,18,0,5.55,MX,2022-02-09 17:48:21
376,Dali,25.7,100.1833,38.75,72,2,4.83,CN,2022-02-09 17:47:34
377,Pokosnoye,55.5258,101.0536,-16.1,100,100,2.35,RU,2022-02-09 17:48:21
378,Yichang,30.7144,111.2847,38.91,85,7,0.76,CN,2022-02-09 17:48:22
379,The Pas,53.8251,-101.2541,5.02,78,100,5.75,CA,2022-02-09 17:45:35
380,Quelimane,-17.8786,36.8883,82.35,83,75,5.75,MZ,2022-02-09 17:48:22
381,Sena Madureira,-9.0656,-68.6569,83.64,67,100,3.29,BR,2022-02-09 17:48:23
382,Axim,4.8699,-2.2405,80.67,80,23,8.61,GH,2022-02-09 17:48:23
383,Cabra,37.4725,-4.4421,63.18,55,0,2.57,ES,2022-02-09 17:48:23
384,Nanortalik,60.1432,-45.2371,22.57,62,61,3.94,GL,2022-02-09 17:43:35
385,Bako,5.7833,36.5667,73.13,37,54,3.02,ET,2022-02-09 17:48:24
386,Cabedelo,-6.9811,-34.8339,88.47,62,88,9.95,BR,2022-02-09 17:48:24
387,Carutapera,-1.195,-46.02,80.37,85,50,5.97,BR,2022-02-09 17:48:24
388,Mehamn,71.0357,27.8492,24.98,73,0,29.93,NO,2022-02-09 17:48:25
389,Jaguaribe,-5.8906,-38.6219,87.75,49,83,2.51,BR,2022-02-09 17:48:25
390,Palotina,-24.2839,-53.84,90.25,39,0,6.29,BR,2022-02-09 17:48:25
391,Missao Velha,-7.2497,-39.1431,86.49,58,40,4.61,BR,2022-02-09 17:48:26
392,Grao Mogol,-16.5594,-42.8897,77.36,79,45,3.47,BR,2022-02-09 17:48:26
393,Foso,5.7012,-1.2866,84.43,61,66,9.19,GH,2022-02-09 17:48:26
394,Kahului,20.8947,-156.47,73.85,74,20,7.0,US,2022-02-09 17:48:27
395,Nouadhibou,20.931,-17.0347,87.78,10,10,8.05,MR,2022-02-09 17:48:27
396,Kasongo-Lunda,-6.4667,16.8167,75.36,77,86,3.06,CD,2022-02-09 17:48:27
397,Suntar,62.1444,117.6319,-22.92,100,100,1.74,RU,2022-02-09 17:48:28
398,Malakal,9.5334,31.6605,85.87,23,49,5.73,SS,2022-02-09 17:48:28
399,Maarianhamina,60.0973,19.9348,39.06,81,0,9.22,AX,2022-02-09 17:48:28
400,Markova,48.6758,24.4138,40.59,88,81,6.51,UA,2022-02-09 17:48:29
401,Ca Mau,9.1769,105.15,77.07,83,73,9.1,VN,2022-02-09 17:48:29
402,Sibolga,1.7427,98.7792,74.44,95,99,2.21,ID,2022-02-09 17:48:30
403,Rasht,37.2808,49.5832,55.22,58,0,0.0,IR,2022-02-09 17:48:30
404,Darhan,49.4867,105.9228,-1.17,93,100,4.83,MN,2022-02-09 17:48:30
405,Elko,41.0002,-115.5012,36.73,68,19,5.99,US,2022-02-09 17:48:30
406,Yumen,40.2833,97.2,24.33,40,100,13.15,CN,2022-02-09 17:48:31
407,Westport,41.1415,-73.3579,45.45,55,0,1.99,US,2022-02-09 17:48:31
408,Pochutla,15.7432,-96.4661,85.82,44,5,5.91,MX,2022-02-09 17:48:31
409,Kondagaon,19.6,81.6667,66.2,64,66,3.2,IN,2022-02-09 17:48:32
410,Dasoguz,41.8363,59.9666,31.95,86,0,13.8,TM,2022-02-09 17:48:32
411,Turbat,26.0023,63.044,69.03,15,0,8.34,PK,2022-02-09 17:48:32
412,El Tigre,8.8875,-64.2454,92.34,25,87,8.05,VE,2022-02-09 17:49:33
413,Kununurra,-15.7667,128.7333,76.98,94,73,0.0,AU,2022-02-09 17:49:33
414,Kipushi,-11.7667,27.2333,62.92,92,48,2.91,CD,2022-02-09 17:49:34
415,Kargasok,59.0556,80.8572,-15.12,100,27,5.08,RU,2022-02-09 17:49:34
416,Srikakulam,18.3,83.9,70.88,70,5,1.28,IN,2022-02-09 17:49:34
417,Newport,51.5877,-2.9984,49.68,85,100,4.7,GB,2022-02-09 17:47:01
418,Mahajanga,-15.7167,46.3167,78.82,94,40,8.05,MG,2022-02-09 17:49:35
419,Tchibanga,-2.85,11.0333,75.42,92,72,3.71,GA,2022-02-09 17:49:35
420,Hay River,60.8156,-115.7999,-5.82,77,100,8.05,CA,2022-02-09 17:49:35
421,Suoyarvi,62.0833,32.35,22.77,96,72,8.28,RU,2022-02-09 17:49:36
422,Saint-Leu,-21.15,55.2833,76.06,80,80,5.44,RE,2022-02-09 17:49:36
423,Puerto Escondido,15.85,-97.0667,81.79,52,12,5.39,MX,2022-02-09 17:49:36
424,Killybegs,54.6333,-8.45,38.91,64,92,24.14,IE,2022-02-09 17:49:36
425,Garmsar,35.2182,52.3409,49.53,32,6,2.08,IR,2022-02-09 17:49:37
426,Narsaq,60.9167,-46.05,17.82,68,100,9.46,GL,2022-02-09 17:49:37
427,Manzil Salim,35.8567,8.4765,51.8,46,0,7.05,TN,2022-02-09 17:49:37
428,Yaan,7.3833,8.5667,89.69,10,65,5.12,NG,2022-02-09 17:49:38
429,Payakumbuh,-0.2202,100.6308,66.36,97,100,3.6,ID,2022-02-09 17:49:38
430,Kabo,7.6994,18.629,81.54,14,35,5.64,CF,2022-02-09 17:49:38
431,Mayo,38.8876,-76.5119,55.8,60,0,11.5,US,2022-02-09 17:49:39
432,Aksu,41.1231,80.2644,29.75,51,100,1.21,CN,2022-02-09 17:49:39
433,Leningradskiy,69.3833,178.4167,-25.26,95,96,9.64,RU,2022-02-09 17:49:39
434,Pavlohrad,48.5167,35.8667,34.75,93,78,8.9,UA,2022-02-09 17:49:40
435,Rafai,4.95,23.9167,79.97,23,51,1.25,CF,2022-02-09 17:49:40
436,Vila Franca Do Campo,37.7167,-25.4333,65.19,71,11,9.57,PT,2022-02-09 17:49:40
437,Alofi,-19.0595,-169.9187,75.09,94,91,4.61,NU,2022-02-09 17:49:40
438,Marawi,7.9986,124.2928,67.64,96,94,1.32,PH,2022-02-09 17:49:41
439,Pangody,65.85,74.4859,-3.15,96,21,11.95,RU,2022-02-09 17:49:41
440,Maridi,4.9158,29.4742,80.06,26,56,1.43,SS,2022-02-09 17:49:41
441,Longyearbyen,78.2186,15.6401,8.44,72,75,10.36,SJ,2022-02-09 17:49:42
442,San-Pedro,4.7485,-6.6363,81.68,78,90,7.9,CI,2022-02-09 17:49:42
443,Bonga,7.2833,36.2333,70.54,45,82,0.13,ET,2022-02-09 17:49:42
444,Deer Lake,49.1667,-57.4316,35.46,93,100,0.0,CA,2022-02-09 17:45:34
445,Staraya Poltavka,50.4772,46.4814,30.49,98,100,16.67,RU,2022-02-09 17:49:43
446,Chernyshevskiy,63.0128,112.4714,-23.91,100,96,1.74,RU,2022-02-09 17:49:43
447,Moose Factory,51.2585,-80.6094,24.8,86,100,6.91,CA,2022-02-09 17:49:43
448,Hofn,64.2539,-15.2082,26.62,63,20,23.02,IS,2022-02-09 17:49:44
449,Jalor,25.35,72.6167,63.81,39,0,5.5,IN,2022-02-09 17:49:44
450,Caborca,30.5838,-111.101,66.25,14,0,6.69,MX,2022-02-09 17:49:44
451,Zhigansk,66.7697,123.3711,-34.04,98,100,7.11,RU,2022-02-09 17:49:45
452,Gifford,27.6753,-80.4092,66.09,83,100,8.05,US,2022-02-09 17:49:45
453,Andra,62.5147,65.8878,3.83,97,81,10.56,RU,2022-02-09 17:49:45
454,Sucila,21.15,-88.3167,78.13,55,35,11.68,MX,2022-02-09 17:49:46
455,San Miguel,13.4833,-88.1833,89.26,40,0,3.44,SV,2022-02-09 17:49:46
456,Wairoa,-39.0333,177.3667,68.61,98,56,1.01,NZ,2022-02-09 17:49:46
457,Dubna,56.7333,37.1667,28.92,97,97,5.44,RU,2022-02-09 17:50:04
458,Chardara,41.2547,67.9692,44.31,51,100,7.54,KZ,2022-02-09 17:50:47
459,Heidelberg,-26.5048,28.3592,74.95,55,24,4.9,ZA,2022-02-09 17:50:47
460,Ygatimi,-24.0833,-55.5,97.41,17,2,1.81,PY,2022-02-09 17:50:48
461,Vavozh,56.7751,51.931,27.34,95,100,14.76,RU,2022-02-09 17:50:48
462,Marfino,55.7028,37.3822,30.45,86,100,11.18,RU,2022-02-09 17:50:48
463,Plettenberg Bay,-34.0527,23.3716,67.42,75,0,5.32,ZA,2022-02-09 17:50:49
464,Yeroham,30.9872,34.9314,49.53,68,22,18.61,IL,2022-02-09 17:50:49
465,Bhatkal,13.9667,74.5667,74.1,77,8,7.25,IN,2022-02-09 17:50:49
466,Little Rock,34.7465,-92.2896,65.68,33,0,3.44,US,2022-02-09 17:49:51
467,Matane,48.8286,-67.522,29.62,87,100,8.52,CA,2022-02-09 17:50:50
468,Cayenne,4.9333,-52.3333,77.04,90,75,2.3,GF,2022-02-09 17:50:50
469,Nador,35.174,-2.9287,59.07,72,75,6.91,MA,2022-02-09 17:50:50
470,Manali,13.1667,80.2667,80.08,69,99,8.03,IN,2022-02-09 17:50:50
471,Riyadh,24.6877,46.7219,64.54,24,0,8.63,SA,2022-02-09 17:47:03
472,Hellvik,59.9156,5.781,39.78,85,100,8.01,NO,2022-02-09 17:50:51
473,Muros,42.7762,-9.0603,59.5,80,0,6.33,ES,2022-02-09 17:50:51
474,Loksa,59.5764,25.7214,35.92,97,100,16.44,EE,2022-02-09 17:50:52
475,Nyrob,60.733,56.7202,14.63,84,38,13.22,RU,2022-02-09 17:50:52
476,Ahipara,-35.1667,173.1667,70.7,93,21,9.91,NZ,2022-02-09 17:50:52
477,Wawa,9.9022,4.4192,88.68,15,35,4.12,NG,2022-02-09 17:50:53
478,La Sarre,48.8002,-79.1996,24.3,91,100,11.27,CA,2022-02-09 17:50:53
479,Cockburn Town,21.4612,-71.1419,77.79,73,1,18.95,TC,2022-02-09 17:50:53
480,Praia,14.9215,-23.5087,82.94,39,0,17.27,CV,2022-02-09 17:50:53
481,Changping,40.2186,116.2197,19.04,31,5,4.36,CN,2022-02-09 17:50:54
482,Sinisian,13.9156,120.844,78.73,89,94,7.81,PH,2022-02-09 17:50:54
483,Kupang,-10.1667,123.5833,78.71,84,100,1.81,ID,2022-02-09 17:50:55
484,Cairns,-16.9167,145.7667,73.35,93,12,1.14,AU,2022-02-09 17:50:55
485,Bagotville,-28.9833,153.4167,62.42,97,2,4.74,AU,2022-02-09 17:50:55
486,Iquitos,-3.7481,-73.2472,80.64,78,75,4.61,PE,2022-02-09 17:50:55
487,Shenzhen,22.5455,114.0683,63.84,89,100,5.77,CN,2022-02-09 17:46:45
488,Suraabad,40.8192,49.4687,53.78,61,0,10.49,AZ,2022-02-09 17:50:56
489,Savannah Bight,16.45,-85.85,78.85,77,26,14.79,HN,2022-02-09 17:50:56
490,Arani,12.6667,79.2833,67.91,84,60,2.82,IN,2022-02-09 17:50:57
491,Bintulu,3.1667,113.0333,77.41,100,20,2.3,MY,2022-02-09 17:50:57
492,Moncton,46.1159,-64.8019,36.09,93,75,12.66,CA,2022-02-09 17:46:32
493,Lebedyn,50.5852,34.4849,33.33,97,100,11.41,UA,2022-02-09 17:50:57
494,Chapais,49.7834,-74.8492,22.78,82,100,10.47,CA,2022-02-09 17:50:58
495,Umm Lajj,25.0213,37.2685,72.37,60,1,5.79,SA,2022-02-09 17:50:58
496,Merauke,-8.4667,140.3333,78.37,86,92,5.53,ID,2022-02-09 17:50:58
497,Burdur,37.7203,30.2908,30.72,74,75,32.21,TR,2022-02-09 17:50:59
498,Kemin,42.7846,75.6892,16.02,76,80,6.38,KG,2022-02-09 17:50:59
499,Gatesville,31.4352,-97.7439,67.35,27,0,10.36,US,2022-02-09 17:50:59
500,Igrim,63.1906,64.4162,5.09,96,75,7.81,RU,2022-02-09 17:51:00
501,Meulaboh,4.1363,96.1285,73.76,86,98,7.23,ID,2022-02-09 17:46:11
502,Necochea,-38.5473,-58.7368,83.03,37,71,7.96,AR,2022-02-09 17:52:00
503,Ribeira Grande,38.5167,-28.7,63.0,59,20,16.11,PT,2022-02-09 17:52:01
504,Senneterre,48.3835,-77.2328,23.22,91,99,11.7,CA,2022-02-09 17:52:01
505,Bulgan,48.8125,103.5347,-0.2,99,98,2.1,MN,2022-02-09 17:52:01
506,Borba,-4.3878,-59.5939,83.88,70,100,2.77,BR,2022-02-09 17:52:02
507,Ilebo,-4.3167,20.5833,75.92,78,80,1.72,CD,2022-02-09 17:52:02
508,Hovd,48.0056,91.6419,-5.91,97,100,0.65,MN,2022-02-09 17:52:02
509,Sampit,-2.5333,112.95,73.71,94,100,0.96,ID,2022-02-09 17:52:03
510,Mishelevka,52.8575,103.1719,-8.55,97,99,7.16,RU,2022-02-09 17:52:03
511,Zihuatanejo,17.6333,-101.55,81.64,55,0,7.23,MX,2022-02-09 17:52:03
512,Fare,-16.7,-151.0167,81.1,77,48,16.8,PF,2022-02-09 17:52:04
513,Goderich,43.7501,-81.7165,39.2,75,97,16.11,CA,2022-02-09 17:47:12
514,Phan Thiet,10.9333,108.1,74.1,81,42,8.81,VN,2022-02-09 17:52:04
515,Cauas,47.5667,22.55,39.25,85,90,5.21,RO,2022-02-09 17:52:04
516,Filomeno Mata,20.2,-97.7,60.06,69,20,5.7,MX,2022-02-09 17:52:05
517,Normandin,48.8333,-72.5321,28.71,86,81,6.91,CA,2022-02-09 17:52:05
518,Mlonggo,-6.5333,110.7,73.53,90,100,5.06,ID,2022-02-09 17:52:05
519,Katsuura,35.1333,140.3,45.19,71,100,14.76,JP,2022-02-09 17:52:06
520,Paamiut,61.994,-49.6678,22.8,79,100,22.62,GL,2022-02-09 17:52:06
521,Pilar,-9.5972,-35.9567,89.53,48,29,13.89,BR,2022-02-09 17:52:07
522,Moree,-29.4667,149.85,64.42,55,0,13.8,AU,2022-02-09 17:52:07
523,Kerema,-7.9631,145.7785,77.65,86,47,3.6,PG,2022-02-09 17:52:08
524,Jaguey Grande,22.5269,-81.1286,79.45,36,4,4.27,CU,2022-02-09 17:49:27
525,Belmonte,-15.8631,-38.8828,86.5,66,21,9.57,BR,2022-02-09 17:52:08
526,Mouzouras,35.5333,24.15,50.43,71,75,4.61,GR,2022-02-09 17:52:08
527,Pagudpud,18.5616,120.7868,75.13,88,75,11.77,PH,2022-02-09 17:52:09
528,Kanniyakumari,8.0833,77.5667,76.93,75,98,15.66,IN,2022-02-09 17:52:09
529,San Patricio,28.017,-97.5169,69.89,36,0,3.13,US,2022-02-09 17:52:09
530,Eunice,30.4944,-92.4176,62.94,45,0,6.11,US,2022-02-09 17:52:10
531,Les Cayes,18.2,-73.75,82.08,65,8,10.83,HT,2022-02-09 17:52:10
532,Kampil,27.6167,79.2833,50.32,90,0,6.73,IN,2022-02-09 17:52:10
533,Kamina,-8.7386,24.9906,66.52,93,98,2.75,CD,2022-02-09 17:52:11
534,Tyulyachi,55.8913,50.2399,28.6,96,100,17.74,RU,2022-02-09 17:52:11
535,Dalbandin,28.8947,64.4101,54.81,23,0,7.92,PK,2022-02-09 17:52:11
536,Linhares,-19.3911,-40.0722,83.52,69,91,8.55,BR,2022-02-09 17:52:06
537,Brae,60.3964,-1.353,40.91,62,75,33.24,GB,2022-02-09 17:52:12
538,Coquimbo,-29.9533,-71.3436,65.93,82,100,10.36,CL,2022-02-09 17:52:12
539,Taft,31.7471,54.2088,48.15,16,0,0.0,IR,2022-02-09 17:52:12
540,Morondava,-20.2833,44.2833,80.58,73,34,11.92,MG,2022-02-09 17:52:13
541,Pisco,-13.7,-76.2167,72.01,83,20,11.5,PE,2022-02-09 17:52:13
542,Coos Bay,43.3665,-124.2179,52.14,62,34,6.31,US,2022-02-09 17:52:13
543,Kinablangan,7.6947,126.5503,75.9,91,100,6.11,PH,2022-02-09 17:52:14
544,Paita,-5.0892,-81.1144,82.96,62,100,11.05,PE,2022-02-09 17:52:14
545,Sokoto,13.0609,5.239,82.54,10,6,9.78,NG,2022-02-09 17:52:14
546,Aklavik,68.2191,-135.0107,-23.8,69,100,10.36,CA,2022-02-09 17:52:14
547,Juegang,32.3174,121.1855,33.91,86,74,4.99,CN,2022-02-09 17:52:15
548,Kintinku,-5.8833,35.2333,71.17,81,96,3.18,TZ,2022-02-09 17:52:15
549,Dhidhdhoo,6.8833,73.1,81.34,74,72,10.25,MV,2022-02-09 17:52:15
550,Talnakh,69.4865,88.3972,-3.8,94,93,10.04,RU,2022-02-09 17:50:07
551,Guerrero Negro,27.9769,-114.0611,68.56,29,33,3.02,MX,2022-02-09 17:53:16
552,Partsa,54.3653,42.8617,18.63,97,100,2.06,RU,2022-02-09 17:53:16
553,Rassvet,46.8333,40.75,34.81,98,100,9.84,RU,2022-02-09 17:53:16
554,Bathsheba,13.2167,-59.5167,81.21,69,40,25.32,BB,2022-02-09 17:53:17
555,Verkhnevilyuysk,63.4453,120.3167,-36.47,100,95,1.01,RU,2022-02-09 17:53:17
556,Sobolevo,54.4299,31.8996,30.34,93,67,13.15,RU,2022-02-09 17:53:17
557,Kurilsk,45.2333,147.8833,22.41,79,99,13.85,RU,2022-02-09 17:53:18
558,Natal,-5.795,-35.2094,90.25,62,40,16.11,BR,2022-02-09 17:53:18
559,Shihezi,44.3,86.0333,7.41,94,87,4.92,CN,2022-02-09 17:53:18
560,Angatuba,-23.4897,-48.4128,81.54,50,8,6.85,BR,2022-02-09 17:53:19
561,La Ronge,55.1001,-105.2842,5.25,78,100,9.22,CA,2022-02-09 17:53:19
562,Zhuhai,22.2769,113.5678,63.7,82,40,13.8,CN,2022-02-09 17:53:19
563,Mildura,-34.2,142.15,66.16,52,4,9.22,AU,2022-02-09 17:52:48
564,Luanda,-8.8368,13.2343,78.8,78,75,9.22,AO,2022-02-09 17:53:20
565,Ulundi,-28.3352,31.4162,69.19,84,0,2.39,ZA,2022-02-09 17:53:20
566,Palu,-0.8917,119.8707,75.6,95,100,2.06,ID,2022-02-09 17:53:21
567,Creel,27.75,-107.6333,51.64,22,18,6.26,MX,2022-02-09 17:53:21
