City_ID,City,Lat,Lng,Max Temp,Humidity,Cloudiness,Wind Speed,Weather Description,Country,Date
0,Banikoara,11.2985,2.4386,73.31,13,15,5.28,few clouds,BJ,2022-02-12 00:52:29
1,Puerto Ayora,-0.7393,-90.3518,72.55,100,60,1.01,broken clouds,EC,2022-02-12 00:52:29
2,Hithadhoo,-0.6,73.0833,81.14,69,100,8.97,overcast clouds,MV,2022-02-12 00:52:29
3,Bonthe,7.5264,-12.505,76.5,94,8,3.71,clear sky,SL,2022-02-12 00:50:23
4,Albany,42.6001,-73.9662,51.8,57,100,1.01,overcast clouds,US,2022-02-12 00:52:30
5,Cabo San Lucas,22.8909,-109.9124,72.61,66,0,1.01,clear sky,MX,2022-02-12 00:49:31
6,Bredasdorp,-34.5322,20.0403,62.28,94,8,3.42,clear sky,ZA,2022-02-12 00:52:30
7,Maragogi,-9.0122,-35.2225,79.79,77,27,9.8,scattered clouds,BR,2022-02-12 00:49:48
8,Mataura,-46.1927,168.8643,59.49,50,99,9.28,overcast clouds,NZ,2022-02-12 00:52:30
9,Ulladulla,-35.35,150.4667,72.5,76,84,12.03,broken clouds,AU,2022-02-12 00:52:31
10,Soyo,-6.1349,12.3689,76.87,86,33,5.53,scattered clouds,AO,2022-02-12 00:52:31
11,Kruisfontein,-34.0033,24.7314,61.21,85,0,3.18,clear sky,ZA,2022-02-12 00:50:13
12,Klaksvik,62.2266,-6.589,40.12,97,100,31.14,overcast clouds,FO,2022-02-12 00:52:31
13,Coquimbo,-29.9533,-71.3436,64.67,86,1,4.34,clear sky,CL,2022-02-12 00:52:32
14,Denpasar,-8.65,115.2167,80.26,88,20,5.75,few clouds,ID,2022-02-12 00:52:32
15,Vanimo,-2.6741,141.3028,79.79,86,100,2.71,overcast clouds,PG,2022-02-12 00:52:32
16,Hermanus,-34.4187,19.2345,64.9,90,0,8.19,clear sky,ZA,2022-02-12 00:52:33
17,Busselton,-33.65,115.3333,69.08,68,13,8.86,few clouds,AU,2022-02-12 00:52:33
18,Chokurdakh,70.6333,147.9167,-4.09,96,100,13.33,overcast clouds,RU,2022-02-12 00:49:54
19,Clyde River,70.4692,-68.5914,-16.37,76,100,31.07,snow,CA,2022-02-12 00:52:33
20,Punta Arenas,-53.15,-70.9167,57.31,72,75,25.32,broken clouds,CL,2022-02-12 00:48:56
21,Onokhoy,51.932,108.0747,-25.85,98,71,1.86,broken clouds,RU,2022-02-12 00:52:34
22,Hobart,-42.8794,147.3294,68.22,48,40,8.05,scattered clouds,AU,2022-02-12 00:52:34
23,Butaritari,3.0707,172.7902,81.88,78,73,15.43,light rain,KI,2022-02-12 00:52:34
24,Carnarvon,-24.8667,113.6333,87.87,55,3,8.05,clear sky,AU,2022-02-12 00:52:34
25,Amahai,-3.3333,128.9167,84.58,67,99,1.01,overcast clouds,ID,2022-02-12 00:52:15
26,Esperance,-33.8667,121.9,76.84,92,100,5.21,light rain,AU,2022-02-12 00:52:35
27,Las Vegas,36.175,-115.1372,81.28,13,0,14.97,clear sky,US,2022-02-12 00:51:08
28,Ambilobe,-13.2,49.05,72.72,96,100,3.18,overcast clouds,MG,2022-02-12 00:52:35
29,Aswan,24.0934,32.907,51.1,50,0,4.61,clear sky,EG,2022-02-12 00:52:36
30,Rikitea,-23.1203,-134.9692,79.18,74,0,16.87,light rain,PF,2022-02-12 00:52:36
31,Novyy Svit,47.8059,38.0211,38.35,92,100,6.04,overcast clouds,UA,2022-02-12 00:52:36
32,Buenos Aires,-34.6132,-58.3772,64.94,57,100,16.11,overcast clouds,AR,2022-02-12 00:49:18
33,Chuy,-33.6971,-53.4616,72.55,85,50,13.78,scattered clouds,UY,2022-02-12 00:52:37
34,Novoagansk,61.9449,76.6625,-15.03,99,6,6.6,clear sky,RU,2022-02-12 00:52:37
35,Duldurga,50.6761,113.5931,-12.51,93,79,3.04,broken clouds,RU,2022-02-12 00:52:37
36,Kapaa,22.0752,-159.319,81.48,63,0,9.22,clear sky,US,2022-02-12 00:50:44
37,Cervo,43.6702,-7.4101,52.97,87,100,7.11,overcast clouds,ES,2022-02-12 00:52:37
38,Avarua,-21.2078,-159.775,84.25,74,54,10.36,broken clouds,CK,2022-02-12 00:49:51
39,La Huacana,18.9667,-101.8167,73.29,27,0,2.71,clear sky,MX,2022-02-12 00:52:38
40,Geraldton,-28.7667,114.6,81.01,61,8,5.75,clear sky,AU,2022-02-12 00:52:38
41,Ponta Do Sol,32.6667,-17.1,64.71,72,12,6.89,few clouds,PT,2022-02-12 00:52:38
42,Akom,2.6678,12.7109,66.54,52,19,3.27,few clouds,CM,2022-02-12 00:52:39
43,Yellowknife,62.456,-114.3525,-10.71,76,75,2.3,light snow,CA,2022-02-12 00:52:39
44,Saint-Philippe,-21.3585,55.7679,76.59,71,22,5.59,few clouds,RE,2022-02-12 00:48:14
45,Sao Jose Do Egito,-7.4789,-37.2744,74.12,71,91,4.47,moderate rain,BR,2022-02-12 00:52:39
46,Maragheh,37.3917,46.2398,30.47,86,0,2.3,clear sky,IR,2022-02-12 00:53:40
47,Awbari,26.5921,12.7805,48.58,36,0,6.93,clear sky,LY,2022-02-12 00:51:38
48,New Norfolk,-42.7826,147.0587,67.87,37,9,1.99,clear sky,AU,2022-02-12 00:50:23
49,Ribeira Grande,38.5167,-28.7,60.15,75,100,11.81,overcast clouds,PT,2022-02-12 00:53:40
50,Kaitangata,-46.2817,169.8464,62.92,53,100,9.13,overcast clouds,NZ,2022-02-12 00:53:40
51,Barrow,71.2906,-156.7887,-27.6,100,68,7.31,broken clouds,US,2022-02-12 00:53:41
52,Bubaque,11.2833,-15.8333,78.94,69,3,5.86,clear sky,GW,2022-02-12 00:49:25
53,Nouadhibou,20.931,-17.0347,69.78,52,68,12.66,broken clouds,MR,2022-02-12 00:53:41
54,Sinnamary,5.3833,-52.95,76.15,89,61,9.48,broken clouds,GF,2022-02-12 00:50:49
55,Ushuaia,-54.8,-68.3,49.66,93,100,6.91,heavy intensity rain,AR,2022-02-12 00:53:41
56,Padang,-0.9492,100.3543,75.25,73,100,2.66,overcast clouds,ID,2022-02-12 00:53:42
57,Upernavik,72.7868,-56.1549,-11.04,77,100,17.27,overcast clouds,GL,2022-02-12 00:53:42
58,Kisaran,2.9845,99.6158,73.69,96,100,2.21,overcast clouds,ID,2022-02-12 00:53:42
59,Tuktoyaktuk,69.4541,-133.0374,-22.0,69,75,6.91,broken clouds,CA,2022-02-12 00:50:44
60,Dancheng,33.6333,115.1833,40.84,76,69,2.66,broken clouds,CN,2022-02-12 00:53:43
61,East London,-33.0153,27.9116,72.0,85,0,3.83,clear sky,ZA,2022-02-12 00:53:43
62,Atar,20.5169,-13.0499,66.72,20,100,9.28,overcast clouds,MR,2022-02-12 00:49:26
63,Bluff,-46.6,168.3333,59.81,63,42,18.86,scattered clouds,NZ,2022-02-12 00:53:43
64,Nueva Rosita,27.95,-101.2167,68.88,18,0,10.22,clear sky,MX,2022-02-12 00:53:43
65,Maceio,-9.6658,-35.7353,80.04,78,20,8.05,few clouds,BR,2022-02-12 00:53:44
66,Victoria,22.2855,114.1577,67.95,89,16,5.01,few clouds,HK,2022-02-12 00:51:38
67,Tomatlan,19.9333,-105.25,72.77,52,25,5.19,scattered clouds,MX,2022-02-12 00:53:44
68,Port Elizabeth,-33.918,25.5701,62.89,94,0,2.3,clear sky,ZA,2022-02-12 00:53:44
69,Matay,28.419,30.7792,49.98,68,0,8.81,clear sky,EG,2022-02-12 00:53:45
70,Alausi,-2.2,-78.8333,51.31,96,100,1.77,light rain,EC,2022-02-12 00:53:45
71,Hobyo,5.3505,48.5268,75.25,67,100,14.25,overcast clouds,SO,2022-02-12 00:53:45
72,Ukiah,39.1502,-123.2078,80.49,26,0,0.0,clear sky,US,2022-02-12 00:53:46
73,Turukhansk,65.8167,87.9833,-20.99,88,4,5.95,clear sky,RU,2022-02-12 00:53:46
74,Baherden,38.4362,57.4316,43.3,69,68,0.72,broken clouds,TM,2022-02-12 00:53:46
75,Vila Franca Do Campo,37.7167,-25.4333,61.2,76,72,2.24,broken clouds,PT,2022-02-12 00:53:46
76,Buenavista,8.9769,125.4089,81.86,74,62,7.58,broken clouds,PH,2022-02-12 00:53:47
77,Pevek,69.7008,170.3133,-28.75,99,99,6.33,overcast clouds,RU,2022-02-12 00:53:47
78,Vaini,-21.2,-175.2,86.16,84,20,9.22,few clouds,TO,2022-02-12 00:53:47
79,Lorengau,-2.0226,147.2712,83.88,73,100,3.91,overcast clouds,PG,2022-02-12 00:53:48
80,Vostok,46.4856,135.8833,18.66,93,100,3.0,light snow,RU,2022-02-12 00:53:48
81,Khatanga,71.9667,102.5,-1.01,83,100,14.16,overcast clouds,RU,2022-02-12 00:51:48
82,Nome,64.5011,-165.4064,-9.36,81,99,9.4,overcast clouds,US,2022-02-12 00:53:48
83,Olinda,-8.0089,-34.8553,83.93,74,40,5.75,scattered clouds,BR,2022-02-12 00:50:25
84,Butembo,0.15,29.2833,60.85,61,100,3.09,overcast clouds,CD,2022-02-12 00:53:49
85,Jamestown,42.097,-79.2353,43.3,63,100,18.41,light rain,US,2022-02-12 00:53:49
86,Grand Gaube,-20.0064,57.6608,75.38,81,98,5.95,overcast clouds,MU,2022-02-12 00:51:01
87,Vanavara,60.34,102.2797,-15.41,98,99,1.59,overcast clouds,RU,2022-02-12 00:53:49
88,Lagos,6.5833,3.75,80.92,96,2,1.32,clear sky,NG,2022-02-12 00:52:41
89,Muli,2.9167,73.5667,81.05,67,31,3.74,scattered clouds,MV,2022-02-12 00:53:50
90,Uruzgan,32.8333,66.0,34.68,41,0,8.5,clear sky,AF,2022-02-12 00:53:50
91,Korla,41.7597,86.1469,26.1,46,12,4.99,few clouds,CN,2022-02-12 00:53:50
92,Atuona,-9.8,-139.0333,77.74,76,3,10.76,clear sky,PF,2022-02-12 00:49:59
93,Provideniya,64.3833,-173.3,-12.39,88,4,8.55,clear sky,RU,2022-02-12 00:53:50
94,Sambava,-14.2667,50.1667,74.55,91,15,5.7,few clouds,MG,2022-02-12 00:51:12
95,Thompson,55.7435,-97.8558,-16.44,63,20,4.61,few clouds,CA,2022-02-12 00:54:51
96,The Valley,18.217,-63.0578,77.14,73,20,14.97,few clouds,AI,2022-02-12 00:54:51
97,Nikolskoye,59.7035,30.7861,24.69,91,24,8.84,few clouds,RU,2022-02-12 00:54:51
98,Medvedka,61.1629,46.387,13.8,97,100,3.96,light snow,RU,2022-02-12 00:54:52
99,Lososina,48.9975,140.3106,20.34,90,100,2.95,light snow,RU,2022-02-12 00:54:52
100,Miyako,39.6367,141.9525,36.27,58,7,1.45,clear sky,JP,2022-02-12 00:54:52
101,Qaanaaq,77.484,-69.3632,-22.88,54,0,7.99,clear sky,GL,2022-02-12 00:53:15
102,Naze,28.3667,129.4833,59.92,65,74,9.98,broken clouds,JP,2022-02-12 00:54:53
103,Amiens,49.9,2.3,36.27,85,100,6.08,overcast clouds,FR,2022-02-12 00:54:53
104,Tazovskiy,67.4667,78.7,-6.88,83,100,11.36,overcast clouds,RU,2022-02-12 00:54:53
105,Dikson,73.5069,80.5464,2.97,81,100,29.08,overcast clouds,RU,2022-02-12 00:54:54
106,Severo-Kurilsk,50.6789,156.125,27.27,78,95,9.57,light snow,RU,2022-02-12 00:53:58
107,Castro,-24.7911,-50.0119,62.13,90,19,7.07,few clouds,BR,2022-02-12 00:49:55
108,Sitka,57.0531,-135.33,40.46,98,100,8.95,light rain,US,2022-02-12 00:54:54
109,Kirakira,-10.4544,161.9205,78.94,87,100,4.29,heavy intensity rain,SB,2022-02-12 00:54:54
110,Mogadishu,2.0371,45.3438,75.94,78,98,19.73,overcast clouds,SO,2022-02-12 00:54:55
111,Gat,31.61,34.7642,48.4,78,0,3.76,clear sky,IL,2022-02-12 00:52:03
112,Ayan,56.45,138.1667,8.06,76,100,4.45,overcast clouds,RU,2022-02-12 00:54:55
113,Bambous Virieux,-20.3428,57.7575,75.22,94,20,4.61,few clouds,MU,2022-02-12 00:54:55
114,Fujin,47.26,132.0322,12.99,93,100,7.92,light snow,CN,2022-02-12 00:54:56
115,Vila Velha,-20.3297,-40.2925,73.35,94,75,8.05,light rain,BR,2022-02-12 00:51:07
116,Borgarnes,64.5383,-21.9206,30.25,73,100,11.68,overcast clouds,IS,2022-02-12 00:54:56
117,Portland,45.5234,-122.6762,63.09,29,5,15.01,clear sky,US,2022-02-12 00:54:56
118,Kodiak,57.79,-152.4072,37.33,97,100,2.04,overcast clouds,US,2022-02-12 00:54:57
119,Viedma,-40.8135,-62.9967,62.11,26,0,7.76,clear sky,AR,2022-02-12 00:54:57
120,Havoysund,70.9963,24.6622,29.28,60,68,9.57,light snow,NO,2022-02-12 00:54:57
121,Puerto Leguizamo,-0.1934,-74.7819,77.7,80,100,2.17,moderate rain,CO,2022-02-12 00:54:58
122,Beloha,-25.1667,45.05,73.6,91,41,11.95,scattered clouds,MG,2022-02-12 00:54:58
123,Manuk Mangkaw,4.8,119.85,80.56,77,100,2.19,overcast clouds,PH,2022-02-12 00:54:58
124,Potam,27.6,-110.3833,73.92,45,0,7.29,clear sky,MX,2022-02-12 00:54:59
125,Shingu,33.7333,135.9833,45.59,33,100,0.74,overcast clouds,JP,2022-02-12 00:54:59
126,Kidal,18.4411,1.4078,67.06,13,81,9.44,broken clouds,ML,2022-02-12 00:54:59
127,Karla,59.3723,24.9275,30.56,79,0,6.91,clear sky,EE,2022-02-12 00:55:00
128,Sao Jose Da Coroa Grande,-8.8978,-35.1478,79.75,79,44,9.82,scattered clouds,BR,2022-02-12 00:52:13
129,Matviyivka,47.0747,35.1444,40.01,90,100,5.68,overcast clouds,UA,2022-02-12 00:55:00
130,Yar-Sale,66.8333,70.8333,-1.14,82,100,16.4,overcast clouds,RU,2022-02-12 00:55:00
131,Port Lincoln,-34.7333,135.8667,71.74,59,0,12.82,clear sky,AU,2022-02-12 00:55:00
132,Chute-Aux-Outardes,49.1168,-68.399,32.31,80,100,16.11,light snow,CA,2022-02-12 00:55:01
133,Bathsheba,13.2167,-59.5167,77.61,53,20,19.57,few clouds,BB,2022-02-12 00:55:01
134,Beringovskiy,63.05,179.3167,-21.73,93,25,10.65,scattered clouds,RU,2022-02-12 00:52:03
135,Contamana,-7.3333,-75.0167,77.79,74,76,3.22,broken clouds,PE,2022-02-12 00:55:01
136,Riviere-Du-Loup,47.8304,-69.5342,24.75,86,100,3.44,overcast clouds,CA,2022-02-12 00:55:02
137,Samarinda,-0.5,117.15,76.33,89,100,2.53,overcast clouds,ID,2022-02-12 00:54:40
138,Palmer,42.1584,-72.3287,46.15,48,75,13.8,broken clouds,US,2022-02-12 00:55:02
139,Contepec,20.0167,-100.1167,48.43,34,5,5.79,clear sky,MX,2022-02-12 00:55:02
140,Port Alfred,-33.5906,26.891,70.93,88,0,5.91,clear sky,ZA,2022-02-12 00:54:12
141,Moerai,-22.4333,-151.3333,79.88,74,100,7.05,overcast clouds,PF,2022-02-12 00:56:03
142,Georgetown,5.4112,100.3354,78.89,91,20,3.44,few clouds,MY,2022-02-12 00:51:12
143,Mutoko,-17.397,32.2268,60.08,89,94,1.16,overcast clouds,ZW,2022-02-12 00:56:03
144,Nanortalik,60.1432,-45.2371,29.8,75,100,10.33,overcast clouds,GL,2022-02-12 00:56:03
145,Phalaborwa,-23.943,31.1411,70.88,70,36,5.97,scattered clouds,ZA,2022-02-12 00:56:04
146,Pisco,-13.7,-76.2167,73.02,68,0,19.57,clear sky,PE,2022-02-12 00:54:50
147,Vardo,70.3705,31.1107,30.78,77,100,29.46,overcast clouds,NO,2022-02-12 00:56:04
148,Banda Aceh,5.5577,95.3222,78.42,78,71,7.52,broken clouds,ID,2022-02-12 00:51:22
149,Sakaiminato,35.55,133.2333,37.38,93,75,3.44,fog,JP,2022-02-12 00:56:05
150,Kastornoye,51.8334,38.1302,30.18,79,100,5.99,overcast clouds,RU,2022-02-12 00:56:05
151,Sola,-13.8833,167.55,84.87,79,75,0.0,broken clouds,VU,2022-02-12 00:56:05
152,Maputo,-25.9653,32.5892,76.23,87,40,2.3,scattered clouds,MZ,2022-02-12 00:56:05
153,Cape Town,-33.9258,18.4232,68.88,82,0,13.8,clear sky,ZA,2022-02-12 00:56:06
154,Zapolyarnyy,69.4154,30.8136,22.28,94,100,6.76,overcast clouds,RU,2022-02-12 00:56:06
155,Cedar City,37.6775,-113.0619,54.57,23,0,19.57,clear sky,US,2022-02-12 00:52:51
156,Rudnya,54.947,31.0934,22.42,96,100,7.49,overcast clouds,RU,2022-02-12 00:56:06
157,Tuatapere,-46.1333,167.6833,59.83,64,88,13.53,overcast clouds,NZ,2022-02-12 00:56:07
158,Santa Luzia,-19.7697,-43.8514,70.14,94,75,4.61,broken clouds,BR,2022-02-12 00:56:07
159,Auki,-8.7676,160.7034,79.47,87,100,7.61,overcast clouds,SB,2022-02-12 00:56:07
160,Kavaratti,10.5669,72.642,80.01,77,77,8.81,broken clouds,IN,2022-02-12 00:56:08
161,Hofn,64.2539,-15.2082,27.34,76,100,21.99,overcast clouds,IS,2022-02-12 00:56:08
162,Tumut,-35.3,148.2167,74.39,22,0,3.49,clear sky,AU,2022-02-12 00:56:08
163,Pangody,65.85,74.4859,-4.83,80,6,14.83,clear sky,RU,2022-02-12 00:56:09
164,Tiksi,71.6872,128.8694,-12.71,93,74,17.4,broken clouds,RU,2022-02-12 00:56:09
165,Tasiilaq,65.6145,-37.6368,2.16,69,100,4.16,overcast clouds,GL,2022-02-12 00:56:09
166,Narsaq,60.9167,-46.05,23.77,84,100,6.62,overcast clouds,GL,2022-02-12 00:56:09
167,Ternate,0.8,127.4,82.13,75,66,3.38,broken clouds,ID,2022-02-12 00:56:10
168,Nelson Bay,-32.7167,152.15,78.1,59,83,4.0,broken clouds,AU,2022-02-12 00:55:07
169,Roebourne,-20.7833,117.1333,89.33,56,6,6.17,clear sky,AU,2022-02-12 00:56:10
170,Cavalcante,-13.7975,-47.4583,70.21,89,99,0.81,overcast clouds,BR,2022-02-12 00:53:14
171,Hasaki,35.7333,140.8333,43.29,51,99,12.8,overcast clouds,JP,2022-02-12 00:56:10
172,Sawakin,19.1059,37.3321,68.27,67,99,13.22,overcast clouds,SD,2022-02-12 00:56:11
173,Charters Towers,-20.1,146.2667,86.18,43,0,10.83,clear sky,AU,2022-02-12 00:56:11
174,Semey,50.4111,80.2275,-9.45,99,60,10.36,broken clouds,KZ,2022-02-12 00:56:11
175,Hilo,19.7297,-155.09,78.8,78,27,1.99,scattered clouds,US,2022-02-12 00:54:23
176,Biltine,14.5333,20.9167,64.92,14,5,9.71,clear sky,TD,2022-02-12 00:56:12
177,Inuvik,68.3499,-133.7218,-17.54,76,40,5.75,scattered clouds,CA,2022-02-12 00:55:38
178,Thurso,58.5927,-3.5259,41.25,77,100,20.27,overcast clouds,GB,2022-02-12 00:56:12
179,Kenai,60.5544,-151.2583,29.03,74,100,18.41,overcast clouds,US,2022-02-12 00:51:36
180,Tessalit,20.1986,1.0114,63.93,16,57,3.74,broken clouds,ML,2022-02-12 00:56:12
181,Ola,59.5833,151.2833,2.41,68,99,4.18,overcast clouds,RU,2022-02-12 00:56:13
182,Torbay,47.6666,-52.7314,36.27,83,0,18.41,clear sky,CA,2022-02-12 00:56:13
183,Tecoanapa,16.5167,-98.75,77.76,64,95,5.79,overcast clouds,MX,2022-02-12 00:56:13
184,Inhambane,-23.865,35.3833,73.78,79,1,7.85,clear sky,MZ,2022-02-12 00:56:14
185,Otanche,5.6567,-74.1825,66.72,95,19,2.73,few clouds,CO,2022-02-12 00:56:14
186,Talaya,61.3833,152.75,-27.42,92,89,1.41,overcast clouds,RU,2022-02-12 00:57:14
187,Adrar,20.5022,-10.0711,59.72,21,28,11.07,scattered clouds,MR,2022-02-12 00:57:15
188,Qurayyat,31.3318,37.3428,39.38,81,0,11.5,clear sky,SA,2022-02-12 00:57:15
189,Arraial Do Cabo,-22.9661,-42.0278,71.56,84,75,3.44,broken clouds,BR,2022-02-12 00:57:15
190,Namibe,-15.1961,12.1522,75.92,82,100,4.45,overcast clouds,AO,2022-02-12 00:54:18
191,Dunedin,-45.8742,170.5036,62.8,58,100,5.99,overcast clouds,NZ,2022-02-12 00:57:16
192,Bandarbeyla,9.4942,50.8122,74.39,57,75,13.04,broken clouds,SO,2022-02-12 00:57:16
193,Presidencia Roque Saenz Pena,-26.7852,-60.4388,77.29,41,100,16.53,overcast clouds,AR,2022-02-12 00:57:16
194,Kudahuvadhoo,2.6708,72.8944,80.83,67,99,0.47,overcast clouds,MV,2022-02-12 00:57:16
195,Port Moresby,-9.4431,147.1797,83.62,65,20,11.5,few clouds,PG,2022-02-12 00:57:17
196,Borger,52.9233,6.7931,33.78,90,5,7.05,clear sky,NL,2022-02-12 00:57:17
197,Saint George,37.1041,-113.5841,70.27,19,0,8.01,clear sky,US,2022-02-12 00:57:09
198,Kamaishi,39.2667,141.8833,23.95,61,18,1.07,few clouds,JP,2022-02-12 00:57:17
199,Husavik,66.0449,-17.3389,22.91,86,100,8.68,overcast clouds,IS,2022-02-12 00:57:14
200,Tambacounda,13.7539,-13.7586,82.45,14,0,9.22,clear sky,SN,2022-02-12 00:57:18
201,Isangel,-19.55,169.2667,87.91,74,75,4.61,broken clouds,VU,2022-02-12 00:57:18
202,Komsomolskiy,40.4272,71.7189,42.22,60,40,9.22,scattered clouds,UZ,2022-02-12 00:54:34
203,Reshetylivka,49.565,34.0782,32.76,94,100,3.15,snow,UA,2022-02-12 00:57:18
204,Avera,33.194,-82.5271,56.71,60,0,7.14,clear sky,US,2022-02-12 00:57:19
205,Cherskiy,68.75,161.3,-32.53,98,100,6.8,overcast clouds,RU,2022-02-12 00:57:19
206,Dawlatabad,36.4141,64.9053,45.95,70,100,3.94,overcast clouds,AF,2022-02-12 00:57:19
207,Fairbanks,64.8378,-147.7164,10.09,72,99,3.56,overcast clouds,US,2022-02-12 00:53:59
208,Bethel,41.3712,-73.414,47.34,63,99,9.73,overcast clouds,US,2022-02-12 00:57:20
209,Sobolevo,54.4299,31.8996,23.14,96,100,6.76,overcast clouds,RU,2022-02-12 00:57:20
210,Paita,-5.0892,-81.1144,72.32,82,31,13.58,scattered clouds,PE,2022-02-12 00:57:20
211,Faanui,-16.4833,-151.75,80.62,75,100,14.05,light rain,PF,2022-02-12 00:55:39
212,Altay,47.8667,88.1167,-0.13,69,22,8.3,few clouds,CN,2022-02-12 00:57:21
213,Margate,51.3813,1.3862,43.3,85,87,5.01,overcast clouds,GB,2022-02-12 00:57:21
214,Roald,62.5833,6.1333,39.34,87,40,18.41,scattered clouds,NO,2022-02-12 00:57:21
215,Leningradskiy,69.3833,178.4167,-17.28,96,94,4.47,overcast clouds,RU,2022-02-12 00:57:22
216,Umm Kaddadah,13.6017,26.6876,55.38,22,13,16.26,few clouds,SD,2022-02-12 00:57:22
217,Aquiraz,-3.9014,-38.3911,81.18,87,51,7.4,broken clouds,BR,2022-02-12 00:57:22
218,Sompeta,18.9333,84.6,68.05,81,9,7.31,clear sky,IN,2022-02-12 00:57:23
219,Souillac,-20.5167,57.5167,75.36,94,20,4.61,few clouds,MU,2022-02-12 00:57:23
220,Shcheglovo,60.0284,30.7529,24.37,93,56,8.88,broken clouds,RU,2022-02-12 00:57:23
221,Champasak,14.75,106.0,76.08,71,100,1.5,overcast clouds,LA,2022-02-12 00:57:23
222,Ploemeur,47.7333,-3.4333,44.82,93,0,5.75,clear sky,FR,2022-02-12 00:57:24
223,Ahipara,-35.1667,173.1667,80.69,77,95,20.54,overcast clouds,NZ,2022-02-12 00:57:24
224,Zyryanka,65.75,150.85,-27.02,93,28,5.68,scattered clouds,RU,2022-02-12 00:57:24
225,Letlhakane,-21.4167,25.5833,71.08,45,1,11.36,clear sky,BW,2022-02-12 00:57:25
226,Pacific Grove,36.6177,-121.9166,78.76,54,0,7.0,clear sky,US,2022-02-12 00:53:00
227,Takoradi,4.8845,-1.7554,79.11,87,41,7.61,scattered clouds,GH,2022-02-12 00:57:25
228,Fortuna,40.5982,-124.1573,70.2,70,0,5.75,clear sky,US,2022-02-12 00:57:03
229,Iqaluit,63.7506,-68.5145,-0.31,70,100,4.61,light snow,CA,2022-02-12 00:57:25
230,Naco,31.3347,-109.9483,63.63,19,0,9.06,clear sky,MX,2022-02-12 00:57:26
231,Guilin,25.2819,110.2864,44.71,87,100,5.55,overcast clouds,CN,2022-02-12 00:58:26
232,Longyearbyen,78.2186,15.6401,21.04,86,75,3.44,light snow,SJ,2022-02-12 00:58:26
233,Celestun,20.8667,-90.4,73.58,78,100,13.85,overcast clouds,MX,2022-02-12 00:58:26
234,Mbuji-Mayi,-6.15,23.6,69.91,87,100,3.8,overcast clouds,CD,2022-02-12 00:58:27
235,Aklavik,68.2191,-135.0107,-17.57,76,20,6.91,few clouds,CA,2022-02-12 00:58:27
236,Tutoia,-2.7619,-42.2744,82.38,84,100,10.4,overcast clouds,BR,2022-02-12 00:58:27
237,Los Llanos De Aridane,28.6585,-17.9182,63.12,40,40,7.0,scattered clouds,ES,2022-02-12 00:57:52
238,Tamuin,21.9833,-98.75,70.14,68,25,8.59,scattered clouds,MX,2022-02-12 00:58:28
239,Halesowen,52.4486,-2.0494,40.21,88,100,13.98,overcast clouds,GB,2022-02-12 00:58:28
240,San Cristobal,7.7669,-72.225,71.78,88,56,1.03,broken clouds,VE,2022-02-12 00:58:28
241,Tire,38.0888,27.7351,35.6,71,0,2.64,clear sky,TR,2022-02-12 00:58:29
242,Piranhas,-16.4269,-51.8222,70.32,95,30,0.56,light rain,BR,2022-02-12 00:58:29
243,Norman Wells,65.282,-126.8329,-7.56,71,20,0.0,few clouds,CA,2022-02-12 00:58:29
244,Paamiut,61.994,-49.6678,31.66,76,100,24.43,overcast clouds,GL,2022-02-12 00:58:29
245,Luneburg,53.25,10.4,31.91,91,5,4.36,clear sky,DE,2022-02-12 00:58:30
246,Santiago De Cuba,20.0247,-75.8219,74.73,84,61,1.77,broken clouds,CU,2022-02-12 00:58:30
247,Grindavik,63.8424,-22.4338,30.15,80,0,11.5,clear sky,IS,2022-02-12 00:58:30
248,Kozhva,65.1073,57.0459,9.45,87,100,13.35,overcast clouds,RU,2022-02-12 00:58:31
249,Lagoa,39.05,-27.9833,59.45,76,100,14.65,overcast clouds,PT,2022-02-12 00:58:31
250,Lavrentiya,65.5833,-171.0,-21.39,91,11,7.78,few clouds,RU,2022-02-12 00:58:31
251,Ozernovskiy,51.5,156.5167,25.93,65,75,1.99,broken clouds,RU,2022-02-12 00:58:32
252,Morgan City,29.6994,-91.2068,60.04,41,0,6.91,clear sky,US,2022-02-12 00:55:59
253,Qasigiannguit,68.8193,-51.1922,21.43,87,100,3.83,overcast clouds,GL,2022-02-12 00:58:32
254,Svetlogorsk,52.6333,29.7333,32.07,99,100,5.77,snow,BY,2022-02-12 00:58:32
255,Kloulklubed,7.0419,134.2556,82.9,76,27,20.65,scattered clouds,PW,2022-02-12 00:55:48
256,Mahebourg,-20.4081,57.7,75.25,94,20,4.61,few clouds,MU,2022-02-12 00:57:42
257,Chicama,-7.8447,-79.1469,68.54,73,100,6.91,overcast clouds,PE,2022-02-12 00:58:33
258,Saint-Augustin,51.226,-58.6502,5.34,87,18,7.23,few clouds,CA,2022-02-12 00:58:33
259,Pachperwa,27.5167,82.65,49.96,82,0,3.74,clear sky,IN,2022-02-12 00:58:33
260,Carballo,43.213,-8.691,48.9,87,6,2.28,clear sky,ES,2022-02-12 00:58:34
261,Severo-Yeniseyskiy,60.3725,93.0408,-21.51,99,6,3.04,clear sky,RU,2022-02-12 00:58:34
262,Bonavista,48.6499,-53.1147,37.11,80,7,17.65,clear sky,CA,2022-02-12 00:58:34
263,La Ronge,55.1001,-105.2842,-9.15,70,100,1.14,overcast clouds,CA,2022-02-12 00:57:17
264,Zheleznodorozhnyy,55.7503,38.0042,32.52,97,67,6.06,light snow,RU,2022-02-12 00:58:35
265,Deputatskiy,69.3,139.9,-16.35,96,100,5.75,overcast clouds,RU,2022-02-12 00:58:35
266,Shimoda,34.6667,138.95,46.76,63,65,9.22,broken clouds,JP,2022-02-12 00:58:35
267,Vao,-22.6667,167.4833,80.33,83,100,14.29,overcast clouds,NC,2022-02-12 00:57:48
268,Hovd,48.0056,91.6419,-15.92,85,54,3.89,broken clouds,MN,2022-02-12 00:58:36
269,Alekseyevsk,57.8406,108.3492,-14.96,97,100,2.28,overcast clouds,RU,2022-02-12 00:58:36
270,Mawlaik,23.6333,94.4167,55.33,65,0,1.59,clear sky,MM,2022-02-12 00:58:36
271,College,64.8569,-147.8028,8.22,71,99,3.96,overcast clouds,US,2022-02-12 00:58:36
272,Basoko,1.2391,23.616,74.3,64,91,1.86,overcast clouds,CD,2022-02-12 00:58:37
273,Booue,-0.0921,11.9385,76.32,83,4,3.38,clear sky,GA,2022-02-12 00:58:37
274,Russell,32.3502,-85.1999,55.38,62,0,4.16,clear sky,US,2022-02-12 00:58:37
275,Boa Vista,2.8197,-60.6733,84.18,54,0,5.75,clear sky,BR,2022-02-12 00:58:38
276,Rudnichnyy,59.617,52.4703,13.32,97,100,4.36,overcast clouds,RU,2022-02-12 00:59:38
277,Mumford,5.2618,-0.759,79.05,87,100,6.06,overcast clouds,GH,2022-02-12 00:59:38
278,Carlyle,38.6103,-89.3726,43.43,85,42,1.99,scattered clouds,US,2022-02-12 00:59:38
279,Kavieng,-2.5744,150.7967,83.89,68,27,3.56,scattered clouds,PG,2022-02-12 00:59:39
280,Genhe,50.7833,121.5167,-8.63,94,75,1.68,broken clouds,CN,2022-02-12 00:59:39
281,Palm Coast,29.585,-81.2078,65.07,72,100,1.99,overcast clouds,US,2022-02-12 00:58:11
282,Constitucion,-35.3333,-72.4167,58.86,67,0,9.22,clear sky,CL,2022-02-12 00:59:39
283,Abha,18.2164,42.5053,53.42,93,0,0.0,clear sky,SA,2022-02-12 00:59:40
284,Tromso,69.6496,18.957,24.82,80,75,5.75,light snow,NO,2022-02-12 00:59:38
285,Mar Del Plata,-38.0023,-57.5575,63.09,77,100,21.0,light rain,AR,2022-02-12 00:58:02
286,Talakan,50.3167,130.3667,5.95,92,100,3.96,overcast clouds,RU,2022-02-12 00:59:40
287,Olafsvik,64.8945,-23.7142,27.75,72,100,22.57,overcast clouds,IS,2022-02-12 00:59:40
288,Comodoro Rivadavia,-45.8667,-67.5,71.46,18,0,8.05,clear sky,AR,2022-02-12 00:59:31
289,Houma,29.5958,-90.7195,62.01,63,13,5.86,few clouds,US,2022-02-12 00:59:41
290,Linxia,35.6003,103.2064,18.03,95,100,1.23,overcast clouds,CN,2022-02-12 00:59:41
291,Mandalgovi,45.7625,106.2708,-5.93,68,96,3.94,overcast clouds,MN,2022-02-12 00:59:41
292,Ghedi,45.4011,10.2793,43.29,79,65,7.29,broken clouds,IT,2022-02-12 00:59:42
293,Ust-Kulom,61.6864,53.6902,14.14,95,100,7.23,light snow,RU,2022-02-12 00:59:42
294,Sistranda,63.7256,8.834,37.36,65,100,33.87,overcast clouds,NO,2022-02-12 00:57:06
295,Palana,59.1167,159.9667,-3.71,82,14,4.97,few clouds,RU,2022-02-12 00:59:42
296,Vallenar,-28.5708,-70.7581,69.84,56,0,3.36,clear sky,CL,2022-02-12 00:59:43
297,Flinders,-34.5833,150.8552,75.79,89,61,5.01,light rain,AU,2022-02-12 00:59:43
298,San Isidro,-12.1167,-77.05,75.02,74,0,14.97,clear sky,PE,2022-02-12 00:59:43
299,Alofi,-19.0595,-169.9187,82.29,74,2,17.27,clear sky,NU,2022-02-12 00:59:43
300,Mezen,65.8522,44.24,18.1,97,99,5.12,overcast clouds,RU,2022-02-12 00:59:44
301,Liling,27.6667,113.5,40.89,94,100,1.5,overcast clouds,CN,2022-02-12 00:59:44
302,Kupang,-10.1667,123.5833,81.36,80,100,2.48,overcast clouds,ID,2022-02-12 00:59:45
303,Wanaka,-44.7,169.15,57.65,83,100,6.11,overcast clouds,NZ,2022-02-12 00:59:45
304,Kahului,20.8947,-156.47,77.85,77,36,5.01,scattered clouds,US,2022-02-12 00:59:45
305,Suntar,62.1444,117.6319,-17.46,100,93,3.74,overcast clouds,RU,2022-02-12 00:59:45
306,Benin,9.5,2.25,74.16,15,8,3.8,clear sky,BJ,2022-02-12 00:59:46
307,Berbera,10.4396,45.0143,72.97,65,30,4.92,scattered clouds,SO,2022-02-12 00:59:46
308,Regina,50.4501,-104.6178,5.0,73,100,4.61,overcast clouds,CA,2022-02-12 00:58:32
309,Bengkulu,-3.8004,102.2655,76.42,81,100,4.32,overcast clouds,ID,2022-02-12 00:55:35
310,Ahuimanu,21.4447,-157.8378,80.37,61,7,5.99,clear sky,US,2022-02-12 00:59:46
311,Heishan,41.6892,122.1128,20.41,55,100,10.85,overcast clouds,CN,2022-02-12 00:59:47
312,Balkanabat,39.5108,54.3671,40.91,70,7,0.54,clear sky,TM,2022-02-12 00:59:47
313,Sanming,26.2486,117.6186,54.57,94,100,2.66,overcast clouds,CN,2022-02-12 00:59:47
314,Dudinka,69.4058,86.1778,-11.79,87,98,13.04,overcast clouds,RU,2022-02-12 00:59:48
315,Bayshore Gardens,27.4253,-82.5904,65.17,68,4,4.92,clear sky,US,2022-02-12 00:59:48
316,Mount Isa,-20.7333,139.5,94.77,28,0,9.22,clear sky,AU,2022-02-12 00:59:48
317,Dehloran,32.6941,47.2679,53.46,78,0,5.28,clear sky,IR,2022-02-12 00:59:48
318,Kasamwa,-2.85,32.4333,62.87,93,98,2.55,overcast clouds,TZ,2022-02-12 00:59:49
319,Kinsale,51.7075,-8.5306,47.57,87,100,23.02,overcast clouds,IE,2022-02-12 00:59:49
320,Lompoc,34.6391,-120.4579,82.54,55,1,6.73,clear sky,US,2022-02-12 00:59:49
321,Mattru,7.6244,-11.8332,73.24,99,32,0.54,scattered clouds,SL,2022-02-12 00:59:50
322,Mount Gambier,-37.8333,140.7667,73.8,38,2,6.22,clear sky,AU,2022-02-12 01:00:50
323,Boyolangu,-8.1181,111.8935,75.31,92,100,8.03,overcast clouds,ID,2022-02-12 01:00:50
324,Radolfzell,47.7333,8.9667,33.17,85,10,3.62,clear sky,DE,2022-02-12 01:00:50
325,Siguiri,11.6667,-9.5,71.01,15,6,4.59,clear sky,GN,2022-02-12 01:00:51
326,Dekar,-21.5333,21.9333,69.04,72,60,5.32,broken clouds,BW,2022-02-12 01:00:51
327,Port Macquarie,-31.4333,152.9167,74.89,63,97,16.71,overcast clouds,AU,2022-02-12 01:00:51
328,Sault Sainte Marie,46.5168,-84.3333,28.69,80,100,19.57,overcast clouds,CA,2022-02-12 00:56:44
329,Meadow Lake,34.8014,-106.5436,54.54,25,0,6.89,clear sky,US,2022-02-12 01:00:52
330,San-Pedro,4.7485,-6.6363,77.9,91,5,4.45,clear sky,CI,2022-02-12 01:00:52
331,Porto Seguro,-16.4497,-39.0647,77.79,87,18,5.23,few clouds,BR,2022-02-12 01:00:52
332,Jaciara,-15.9653,-54.9683,70.93,96,100,2.15,overcast clouds,BR,2022-02-12 01:00:53
333,Castelnaudary,43.3183,1.9545,44.62,76,5,3.2,clear sky,FR,2022-02-12 01:00:53
334,Itoigawa,37.0333,137.85,39.61,58,100,2.66,overcast clouds,JP,2022-02-12 01:00:53
335,Fort Nelson,58.8053,-122.7002,19.83,95,100,3.18,overcast clouds,CA,2022-02-12 01:00:42
336,Bria,6.5423,21.9863,68.65,27,81,2.46,broken clouds,CF,2022-02-12 01:00:54
337,Dingle,10.9995,122.6711,79.07,85,100,12.08,overcast clouds,PH,2022-02-12 01:00:52
338,Saskylakh,71.9167,114.0833,5.7,90,99,13.94,overcast clouds,RU,2022-02-12 00:57:01
339,Naantali,60.4674,22.0243,29.86,80,0,10.36,clear sky,FI,2022-02-12 01:00:54
340,Airai,-8.9266,125.4092,68.9,80,81,2.06,broken clouds,TL,2022-02-12 01:00:55
341,Kalaleh,37.3807,55.4916,46.54,84,99,2.3,overcast clouds,IR,2022-02-12 01:00:55
342,Finnsnes,69.2296,17.9811,25.34,94,100,4.07,overcast clouds,NO,2022-02-12 01:00:55
343,Bull Savanna,17.8868,-77.5902,73.83,83,38,9.1,scattered clouds,JM,2022-02-12 01:00:56
344,Hit,33.6416,42.8251,51.67,58,0,12.39,clear sky,IQ,2022-02-12 01:00:56
345,Oktyabrskiy,54.4815,53.471,22.57,96,100,5.17,overcast clouds,RU,2022-02-12 01:00:56
346,Thenzawl,23.3167,92.75,46.27,79,0,2.51,clear sky,IN,2022-02-12 01:00:57
347,Gurupa,-1.405,-51.64,73.27,97,89,3.6,overcast clouds,BR,2022-02-12 01:00:57
348,Laguna,38.421,-121.4238,75.29,52,0,4.61,clear sky,US,2022-02-12 00:57:43
349,Prince Rupert,54.3161,-130.3201,38.86,77,89,1.36,overcast clouds,CA,2022-02-12 01:00:37
350,Milici,44.1711,19.0903,35.82,88,100,3.69,overcast clouds,BA,2022-02-12 01:00:58
351,Altamira,-3.2033,-52.2064,72.79,97,100,2.17,overcast clouds,BR,2022-02-12 01:00:58
352,Rabo De Peixe,37.8,-25.5833,60.28,84,75,6.91,broken clouds,PT,2022-02-12 01:00:59
353,Oudtshoorn,-33.5907,22.2014,67.86,59,0,2.3,clear sky,ZA,2022-02-12 01:01:00
354,Rudolfov,48.9934,14.5418,36.61,73,87,8.01,overcast clouds,CZ,2022-02-12 01:01:00
355,Bell Ville,-32.6259,-62.6887,60.67,92,71,10.98,broken clouds,AR,2022-02-12 01:01:00
356,Panalingaan,8.7842,117.4231,83.44,69,66,2.66,broken clouds,PH,2022-02-12 01:01:00
357,Plouzane,48.3833,-4.6167,37.45,90,0,5.75,clear sky,FR,2022-02-12 01:01:01
358,Chunskiy,56.0815,99.6342,-24.84,100,19,2.19,few clouds,RU,2022-02-12 01:01:01
359,Lena,43.1,-5.7333,38.7,91,100,4.38,overcast clouds,ES,2022-02-12 01:01:01
360,Wajima,37.4,136.9,42.91,63,100,7.36,overcast clouds,JP,2022-02-12 01:01:02
361,Hamilton,39.1834,-84.5333,48.11,85,100,4.0,light rain,US,2022-02-12 01:00:36
362,Agirish,61.9247,63.0231,2.5,91,100,11.18,overcast clouds,RU,2022-02-12 01:01:02
363,Lebu,-37.6167,-73.65,58.75,78,0,21.21,clear sky,CL,2022-02-12 00:58:09
364,Gaspe,48.8334,-64.4819,24.71,80,40,13.8,scattered clouds,CA,2022-02-12 00:57:08
365,Praia Da Vitoria,38.7333,-27.0667,58.75,87,100,8.59,overcast clouds,PT,2022-02-12 01:01:03
366,Katsuura,35.1333,140.3,48.18,57,21,11.07,few clouds,JP,2022-02-12 00:59:56
367,Ypsonas,34.6884,32.9574,53.28,87,0,2.3,clear sky,CY,2022-02-12 01:02:03
368,Muisne,0.6,-80.0333,76.12,86,50,4.9,scattered clouds,EC,2022-02-12 01:02:03
369,Winnemucca,40.973,-117.7357,57.25,28,0,5.75,clear sky,US,2022-02-12 01:02:04
370,Batagay,67.6333,134.6333,-27.27,97,55,3.22,broken clouds,RU,2022-02-12 01:02:04
371,San Patricio,28.017,-97.5169,69.89,78,0,12.75,clear sky,US,2022-02-12 00:58:14
372,Saint Anthony,45.0205,-93.218,11.25,62,40,17.27,scattered clouds,US,2022-02-12 01:00:42
373,Voh,-20.9667,164.7,84.87,74,46,6.98,scattered clouds,NC,2022-02-12 01:02:04
374,Lesnoy,57.6198,63.0784,7.79,95,100,8.28,snow,RU,2022-02-12 01:02:05
375,Rundu,-17.9333,19.7667,68.38,85,100,8.66,overcast clouds,NA,2022-02-12 01:02:05
376,Buraydah,26.326,43.975,50.77,46,0,11.48,clear sky,SA,2022-02-12 01:02:05
377,Krasnoselkup,65.7,82.4667,-11.09,84,3,9.69,clear sky,RU,2022-02-12 01:02:06
378,Kiama,-34.6833,150.8667,75.0,91,81,1.99,moderate rain,AU,2022-02-12 00:57:25
379,Farafangana,-22.8167,47.8333,75.24,88,49,3.24,light rain,MG,2022-02-12 01:00:27
380,Goma,-1.6792,29.2228,61.54,81,100,3.4,overcast clouds,CD,2022-02-12 01:02:06
381,Almeirim,-1.5233,-52.5817,75.6,89,100,3.78,overcast clouds,BR,2022-02-12 01:02:06
382,Horconcitos,8.4682,-81.8007,66.43,89,100,6.55,overcast clouds,PA,2022-02-12 01:02:07
383,Anadyr,64.75,177.4833,-32.01,66,60,8.08,broken clouds,RU,2022-02-12 01:02:07
384,Arlit,18.7369,7.3853,63.01,19,0,6.89,clear sky,NE,2022-02-12 01:02:07
385,Hailar,49.2,119.7,-9.35,97,100,3.76,overcast clouds,CN,2022-02-12 01:02:08
386,Ponta Delgada,37.7333,-25.6667,61.5,63,75,6.91,broken clouds,PT,2022-02-12 01:02:08
387,Heilbron,-27.2812,27.9709,63.68,69,47,6.42,scattered clouds,ZA,2022-02-12 01:02:08
388,Georgiyevka,43.0369,74.7114,33.84,80,100,8.95,mist,KZ,2022-02-12 01:02:09
389,Cleveland,41.4995,-81.6954,42.98,89,100,11.5,light rain,US,2022-02-12 00:59:08
390,Pinega,64.7001,43.3936,17.89,97,96,4.72,light snow,RU,2022-02-12 01:02:09
391,Puerto Madryn,-42.7692,-65.0385,63.48,48,99,13.06,overcast clouds,AR,2022-02-12 01:01:36
392,Rocha,-34.4833,-54.3333,68.47,94,100,2.75,moderate rain,UY,2022-02-12 01:02:09
393,Riohacha,11.5444,-72.9072,86.11,51,0,9.22,clear sky,CO,2022-02-12 00:59:59
394,Mae Hong Son,19.3003,97.9685,61.66,38,9,0.72,clear sky,TH,2022-02-12 01:01:19
395,Kedougou,12.5579,-12.1743,74.62,13,67,3.33,broken clouds,SN,2022-02-12 01:02:10
396,San Jose,37.3394,-121.895,75.88,45,0,8.05,clear sky,US,2022-02-12 01:00:01
397,Mehran,33.1222,46.1646,52.84,69,19,2.82,few clouds,IR,2022-02-12 01:02:10
398,Xining,36.6167,101.7667,15.35,93,100,0.63,overcast clouds,CN,2022-02-12 01:02:11
399,Douentza,14.9951,-2.9517,65.53,17,0,6.31,clear sky,ML,2022-02-12 01:02:11
400,Kanniyakumari,8.0833,77.5667,77.92,78,67,15.79,moderate rain,IN,2022-02-12 01:02:11
401,Kangaatsiaq,68.3065,-53.4641,9.7,94,100,7.63,light snow,GL,2022-02-12 01:02:12
402,Birao,10.2849,22.7882,70.52,11,84,10.69,broken clouds,CF,2022-02-12 01:02:12
403,Makakilo City,21.3469,-158.0858,79.2,57,10,5.73,clear sky,US,2022-02-12 01:01:26
404,Petropavlovsk-Kamchatskiy,53.0452,158.6483,9.19,61,0,4.47,clear sky,RU,2022-02-12 01:02:12
405,Burnie,-41.0667,145.9167,64.2,55,0,8.23,clear sky,AU,2022-02-12 01:02:13
406,Suhut,38.5311,30.5458,31.21,48,0,2.86,clear sky,TR,2022-02-12 01:02:13
407,Cairns,-16.9167,145.7667,91.29,65,14,8.05,few clouds,AU,2022-02-12 01:00:09
408,Maraba,-5.3686,-49.1178,72.66,97,93,0.76,overcast clouds,BR,2022-02-12 01:02:13
409,Cidreira,-30.1811,-50.2056,74.46,83,0,20.31,clear sky,BR,2022-02-12 00:59:03
410,Caravelas,-17.7125,-39.2481,75.65,88,42,4.41,scattered clouds,BR,2022-02-12 00:58:15
411,Kumsi,14.0667,75.4,62.15,62,43,5.37,scattered clouds,IN,2022-02-12 01:03:14
412,Warmbad,-28.45,18.7333,83.44,31,100,13.71,overcast clouds,NA,2022-02-12 01:03:14
413,Chincha Alta,-13.4099,-76.1323,71.76,80,100,1.41,overcast clouds,PE,2022-02-12 01:03:15
414,Sorland,67.667,12.6934,30.85,89,98,28.12,snow,NO,2022-02-12 01:03:15
415,Surt,31.2089,16.5887,56.16,67,51,11.07,broken clouds,LY,2022-02-12 01:03:15
416,Ballina,-28.8667,153.5667,70.79,95,64,17.4,light rain,AU,2022-02-12 01:03:15
417,Veraval,20.9,70.3667,67.5,35,15,12.21,few clouds,IN,2022-02-12 01:03:16
418,Maniitsoq,65.4167,-52.9,28.6,95,100,16.67,snow,GL,2022-02-12 01:03:16
419,Griffith,41.5284,-87.4237,34.63,71,75,23.02,broken clouds,US,2022-02-12 01:03:16
420,Paraiso,9.8383,-83.8656,68.86,88,71,4.21,broken clouds,CR,2022-02-12 01:03:17
421,Marzuq,14.4,46.4667,59.79,44,9,2.75,clear sky,YE,2022-02-12 01:03:17
422,Carauari,-4.8828,-66.8958,73.8,97,100,2.59,overcast clouds,BR,2022-02-12 01:03:17
423,Dali,25.7,100.1833,40.98,79,0,2.51,clear sky,CN,2022-02-12 01:03:18
424,San Quintin,30.4833,-115.95,67.24,44,0,5.99,clear sky,MX,2022-02-12 01:03:18
425,Westport,41.1415,-73.3579,48.25,70,65,3.0,broken clouds,US,2022-02-12 00:59:10
426,Dergaon,26.7,93.9667,56.35,90,98,3.89,overcast clouds,IN,2022-02-12 01:03:19
427,Yamada,39.4667,141.95,36.61,59,11,1.39,few clouds,JP,2022-02-12 01:03:19
428,San Lorenzo,-25.3333,-57.5333,82.96,39,26,6.91,scattered clouds,PY,2022-02-12 01:03:19
429,Muros,42.7762,-9.0603,52.23,95,3,4.38,clear sky,ES,2022-02-12 01:03:19
430,Sao Joao Da Barra,-21.6403,-41.0511,73.15,94,100,7.56,overcast clouds,BR,2022-02-12 01:03:20
431,Talnakh,69.4865,88.3972,-11.85,87,94,9.55,overcast clouds,RU,2022-02-12 01:03:20
432,Leshan,29.5623,103.7639,46.56,76,91,3.38,overcast clouds,CN,2022-02-12 01:03:20
433,Sabang,5.8933,95.3214,81.46,74,100,15.86,light rain,ID,2022-02-12 01:03:21
434,Acarau,-2.8856,-40.12,78.26,81,70,10.8,broken clouds,BR,2022-02-12 01:01:08
435,Kyrylivka,46.3759,35.3675,39.94,92,33,10.65,scattered clouds,UA,2022-02-12 01:03:21
436,Chapais,49.7834,-74.8492,13.78,95,100,7.07,light snow,CA,2022-02-12 01:02:49
437,Bada,51.392,109.8717,-9.35,97,99,1.43,overcast clouds,RU,2022-02-12 01:03:22
438,Corrales,35.2378,-106.6067,56.1,28,0,8.05,clear sky,US,2022-02-12 01:00:31
439,Bairiki,1.3292,172.9752,87.8,66,20,13.8,few clouds,KI,2022-02-12 01:03:22
440,Cockburn Town,21.4612,-71.1419,76.96,78,40,14.97,scattered clouds,TC,2022-02-12 01:03:22
441,Vidim,56.4088,103.1106,-24.45,100,31,1.43,scattered clouds,RU,2022-02-12 01:03:23
442,Corinto,37.9407,22.9573,51.46,74,68,1.66,broken clouds,GR,2022-02-12 01:03:23
443,Tanabe,33.7333,135.3667,44.92,47,99,1.99,overcast clouds,JP,2022-02-12 01:03:23
444,Ahmadpur Sial,30.6754,71.7483,49.87,35,0,5.35,clear sky,PK,2022-02-12 01:03:23
445,Waddan,29.1614,16.139,49.53,51,1,8.08,clear sky,LY,2022-02-12 01:03:24
446,Sur,22.5667,59.5289,66.4,58,0,5.79,clear sky,OM,2022-02-12 01:03:24
447,Teguldet,57.3064,88.1667,-10.44,96,6,6.22,clear sky,RU,2022-02-12 01:03:24
448,Waipawa,-41.4122,175.5153,64.45,99,100,6.49,light rain,NZ,2022-02-12 01:03:25
449,Port Hardy,50.6996,-127.4199,46.76,82,82,1.99,broken clouds,CA,2022-02-12 01:03:25
450,Cooma,-36.2333,149.1333,68.97,44,22,5.41,few clouds,AU,2022-02-12 01:03:25
451,Tafresh,34.692,50.013,35.78,98,100,4.76,overcast clouds,IR,2022-02-12 01:03:26
452,Berlin,52.5244,13.4105,35.98,88,0,8.01,clear sky,DE,2022-02-12 01:02:04
453,Ambulu,-8.345,113.6058,77.54,86,100,2.75,overcast clouds,ID,2022-02-12 01:03:26
454,Villazon,-22.0866,-65.5942,52.72,68,94,16.02,overcast clouds,BO,2022-02-12 01:04:26
455,Samarai,-10.6167,150.6667,83.3,58,68,11.81,broken clouds,PG,2022-02-12 01:04:27
456,Olovyannaya,50.95,115.5667,-16.44,100,98,2.95,overcast clouds,RU,2022-02-12 01:04:27
457,Lata,40.1629,-8.3327,49.71,94,100,1.34,overcast clouds,PT,2022-02-12 01:04:27
458,Saldanha,-33.0117,17.9442,64.33,93,18,15.28,few clouds,ZA,2022-02-12 01:03:05
459,Pailon,-17.65,-62.75,81.5,89,100,5.03,overcast clouds,BO,2022-02-12 01:04:28
460,Rio Verde De Mato Grosso,-18.9181,-54.8442,73.67,87,2,2.53,clear sky,BR,2022-02-12 01:04:28
461,Kuandian,40.7286,124.7847,23.92,46,13,3.91,few clouds,CN,2022-02-12 01:04:28
462,Kisangani,0.5167,25.2,72.21,74,100,1.5,overcast clouds,CD,2022-02-12 01:04:29
463,Ibotirama,-12.1853,-43.2206,73.06,81,97,0.67,overcast clouds,BR,2022-02-12 01:04:29
464,Tyukhtet,56.5389,89.3011,-13.13,97,5,5.77,clear sky,RU,2022-02-12 01:04:29
465,Goderich,43.7501,-81.7165,36.21,99,100,15.14,light snow,CA,2022-02-12 01:01:36
466,Karpathos,35.507,27.2132,53.56,76,0,3.44,clear sky,GR,2022-02-12 01:04:30
467,Ucluelet,48.9329,-125.5528,52.09,88,29,2.35,scattered clouds,CA,2022-02-12 01:00:42
468,Nyurba,63.2842,118.3319,-20.54,100,91,3.0,overcast clouds,RU,2022-02-12 01:04:30
469,Acapulco,16.8634,-99.8901,80.42,65,75,6.91,broken clouds,MX,2022-02-12 01:04:16
470,Castro-Urdiales,43.3829,-3.2204,46.98,88,100,6.24,overcast clouds,ES,2022-02-12 01:04:30
471,Necochea,-38.5473,-58.7368,59.04,57,100,15.95,light rain,AR,2022-02-12 01:04:31
472,Magdalena,14.1999,121.429,82.18,71,100,10.49,overcast clouds,PH,2022-02-12 01:04:31
473,Cayenne,4.9333,-52.3333,78.1,88,75,10.36,broken clouds,GF,2022-02-12 01:04:31
474,Moissala,8.3404,17.7663,71.55,17,0,3.22,clear sky,TD,2022-02-12 01:04:32
475,Plovdiv,42.15,24.75,35.67,75,58,4.61,broken clouds,BG,2022-02-12 01:04:32
476,Helena,46.5927,-112.0361,30.42,60,40,1.99,scattered clouds,US,2022-02-12 01:03:05
477,Formosa Do Rio Preto,-11.0483,-45.1931,72.1,84,19,1.1,few clouds,BR,2022-02-12 01:04:32
478,Koraput,18.8167,82.7167,54.91,82,21,1.81,few clouds,IN,2022-02-12 01:04:33
479,Maneadero,31.7167,-116.5667,66.09,64,0,3.0,clear sky,MX,2022-02-12 01:04:33
480,Tema,5.667,-0.0166,80.89,78,24,7.58,few clouds,GH,2022-02-12 01:04:33
481,Yerbogachen,61.2767,108.0108,-9.58,100,100,2.42,overcast clouds,RU,2022-02-12 01:04:33
482,Luderitz,-26.6481,15.1594,75.49,65,86,9.78,overcast clouds,NA,2022-02-12 01:02:16
483,Sao Filipe,14.8961,-24.4956,79.38,47,92,13.73,overcast clouds,CV,2022-02-12 01:02:06
484,Dubai,25.2582,55.3047,72.21,53,0,4.88,clear sky,AE,2022-02-12 01:01:53
485,Berlevag,70.8578,29.0864,30.27,67,100,19.84,overcast clouds,NO,2022-02-12 01:04:34
486,Anta,25.15,76.3,53.44,45,0,2.15,clear sky,IN,2022-02-12 01:04:34
487,Ilulissat,69.2167,-51.1,26.62,74,20,14.97,few clouds,GL,2022-02-12 01:04:35
488,Siderno,38.2779,16.302,53.56,51,100,5.17,overcast clouds,IT,2022-02-12 01:04:35
489,Rokytne,51.2796,27.214,32.94,94,100,10.63,overcast clouds,UA,2022-02-12 01:04:35
490,Pangnirtung,66.1451,-65.7125,2.37,88,100,2.17,overcast clouds,CA,2022-02-12 01:04:35
491,Caruray,10.3094,119.0128,80.73,82,72,9.17,broken clouds,PH,2022-02-12 01:04:36
492,Lasa,46.6166,10.7002,31.3,47,6,2.77,clear sky,IT,2022-02-12 01:04:36
493,Zalantun,48.0,122.7167,0.21,74,30,6.04,scattered clouds,CN,2022-02-12 01:04:36
494,Chamba,32.5667,76.1333,45.77,33,0,9.48,clear sky,IN,2022-02-12 01:04:37
495,Port Keats,-14.25,129.55,87.33,68,68,3.47,moderate rain,AU,2022-02-12 01:04:37
496,Zonguldak,41.25,31.8333,32.83,70,0,5.77,clear sky,TR,2022-02-12 01:04:37
497,Sumbawanga,-7.9667,31.6167,56.59,94,100,2.86,light rain,TZ,2022-02-12 01:04:37
498,Quzhou,28.9594,118.8686,44.4,97,100,0.27,overcast clouds,CN,2022-02-12 01:04:38
499,Brae,60.3964,-1.353,42.71,81,100,22.66,overcast clouds,GB,2022-02-12 01:04:38
500,Parksville,49.3163,-124.3195,47.98,94,33,1.99,scattered clouds,CA,2022-02-12 01:02:38
501,Zhezkazgan,47.8043,67.7144,21.18,93,75,17.9,broken clouds,KZ,2022-02-12 01:05:38
502,Khani,41.9563,42.9566,26.17,77,13,7.83,few clouds,GE,2022-02-12 01:05:39
503,Itacarambi,-15.1022,-44.0919,72.46,82,24,1.03,few clouds,BR,2022-02-12 01:05:39
504,Saint-Pierre,-21.3393,55.4781,76.68,65,100,4.61,overcast clouds,RE,2022-02-12 01:05:39
505,Torres Novas,39.4811,-8.5395,55.45,88,100,3.74,overcast clouds,PT,2022-02-12 01:04:17
506,Turayf,31.6725,38.6637,41.05,67,0,8.52,clear sky,SA,2022-02-12 01:05:40
507,Lowestoft,52.4752,1.7516,39.94,89,36,13.78,scattered clouds,GB,2022-02-12 01:05:40
508,North Bend,43.4065,-124.2243,64.24,67,0,9.22,clear sky,US,2022-02-12 01:05:40
509,Zhigansk,66.7697,123.3711,-30.91,100,100,5.97,overcast clouds,RU,2022-02-12 01:05:41
510,Sarangani,5.4033,125.4636,81.66,78,100,19.75,overcast clouds,PH,2022-02-12 01:05:41
511,Spirit River,55.7833,-118.8361,30.74,67,84,3.85,broken clouds,CA,2022-02-12 01:05:41
512,Mocuba,-16.8392,36.9856,70.63,94,100,2.93,overcast clouds,MZ,2022-02-12 01:05:41
513,Tautira,-17.7333,-149.15,86.02,73,66,12.82,broken clouds,PF,2022-02-12 01:05:42
514,High Level,58.5169,-117.136,-0.54,97,99,5.14,overcast clouds,CA,2022-02-12 01:05:04
515,Ribeira Brava,32.65,-17.0667,64.71,74,14,6.29,few clouds,PT,2022-02-12 01:05:42
516,Buribay,51.9617,58.1592,11.91,96,55,9.75,broken clouds,RU,2022-02-12 01:05:42
517,Albox,37.3886,-2.1495,50.45,84,6,0.78,clear sky,ES,2022-02-12 01:05:43
518,Na Wa,17.4897,104.1006,80.24,65,76,7.99,broken clouds,TH,2022-02-12 01:05:43
519,Rio Gallegos,-51.6226,-69.2181,57.25,77,75,10.36,broken clouds,AR,2022-02-12 01:05:43
520,Minsk,53.9,27.5667,31.75,97,97,7.4,overcast clouds,BY,2022-02-12 01:05:44
521,Darnah,32.767,22.6367,54.59,70,46,2.55,scattered clouds,LY,2022-02-12 01:05:44
522,Slave Lake,55.2834,-114.769,22.3,75,100,5.93,overcast clouds,CA,2022-02-12 01:03:54
523,Haimen,23.1935,116.6142,62.17,82,64,6.91,broken clouds,CN,2022-02-12 01:05:44
524,Ostrovnoy,68.0531,39.5131,14.9,96,94,8.23,overcast clouds,RU,2022-02-12 01:05:45
525,Luwingu,-10.2621,29.9271,61.48,97,100,1.32,light rain,ZM,2022-02-12 01:05:45
526,Yulara,-25.2406,130.9889,85.84,23,0,16.11,clear sky,AU,2022-02-12 01:05:45
527,Mulanje,-16.0316,35.5,66.87,93,100,2.95,overcast clouds,MW,2022-02-12 01:05:46
528,Namatanai,-3.6667,152.4333,84.31,69,91,1.54,light rain,PG,2022-02-12 01:05:46
529,Opuwo,-18.0607,13.84,67.41,92,100,5.55,overcast clouds,NA,2022-02-12 01:01:59
530,Verkhnevilyuysk,63.4453,120.3167,-21.53,100,94,2.98,overcast clouds,RU,2022-02-12 01:05:46
531,Faya,18.3851,42.4509,50.52,86,9,3.69,clear sky,SA,2022-02-12 01:05:47
532,Zharkent,44.1628,80.0,27.14,55,100,0.76,overcast clouds,KZ,2022-02-12 01:05:47
533,Rosetta,31.4044,30.4164,53.1,74,1,4.94,clear sky,EG,2022-02-12 01:05:47
534,Birnin Kebbi,12.4539,4.1975,68.99,13,1,10.09,clear sky,NG,2022-02-12 01:05:48
535,Guerrero Negro,27.9769,-114.0611,69.89,33,0,10.38,clear sky,MX,2022-02-12 01:05:48
536,Tawau,4.2498,117.8871,79.18,81,100,3.44,overcast clouds,MY,2022-02-12 01:05:48
537,Ranong,9.9658,98.6348,77.67,81,99,2.46,overcast clouds,TH,2022-02-12 01:05:49
538,Yenagoa,4.9247,6.2642,78.3,80,5,3.47,clear sky,NG,2022-02-12 01:05:49
539,Haverfordwest,51.8017,-4.9691,47.05,75,100,10.0,overcast clouds,GB,2022-02-12 01:05:49
540,Ouadda,8.0777,22.4007,69.37,20,52,6.89,broken clouds,CF,2022-02-12 01:05:49
541,Mamallapuram,12.6264,80.1722,79.05,72,13,10.36,few clouds,IN,2022-02-12 01:05:50
542,Majene,-3.5403,118.9707,75.83,91,100,6.4,light rain,ID,2022-02-12 01:05:50
543,Khandyga,62.6667,135.6,-34.24,97,82,0.22,broken clouds,RU,2022-02-12 01:05:50
544,San Rafael Del Sur,11.8485,-86.4384,81.34,63,1,12.19,clear sky,NI,2022-02-12 01:05:51
545,Esmeraldas,-19.7625,-44.3139,68.86,97,100,2.73,overcast clouds,BR,2022-02-12 01:06:51
546,Dhanaula,30.2833,75.5833,45.07,62,0,4.72,clear sky,IN,2022-02-12 01:06:51
547,Ancud,-41.8697,-73.8203,57.42,72,42,5.59,scattered clouds,CL,2022-02-12 01:06:52
548,Bilma,18.6853,12.9164,60.28,25,0,6.33,clear sky,NE,2022-02-12 01:06:52
549,Pinsk,52.1229,26.0951,32.83,94,100,11.16,overcast clouds,BY,2022-02-12 01:06:52
550,Mao,39.8885,4.2658,46.96,93,0,5.75,clear sky,ES,2022-02-12 01:06:52
551,Townsville,-19.25,146.8,85.08,58,40,12.66,scattered clouds,AU,2022-02-12 01:06:53
552,Sale,34.0389,-6.8166,53.64,100,20,0.0,mist,MA,2022-02-12 01:04:44
553,Antalaha,-14.9003,50.2788,72.27,89,4,5.35,clear sky,MG,2022-02-12 01:06:53
554,Andenes,69.3143,16.1194,24.78,80,100,9.22,overcast clouds,NO,2022-02-12 01:06:53
555,Touros,-5.1989,-35.4608,81.5,80,90,8.34,overcast clouds,BR,2022-02-12 01:06:54
556,Kholtoson,50.2981,103.3097,-17.28,99,82,2.19,broken clouds,RU,2022-02-12 01:06:54
557,Hami,42.8,93.45,28.36,57,100,4.59,overcast clouds,CN,2022-02-12 01:06:54
558,Bitkine,11.9801,18.2138,69.21,16,25,7.45,scattered clouds,TD,2022-02-12 01:06:55
559,Bereda,43.2686,-7.5406,48.92,100,100,0.36,overcast clouds,ES,2022-02-12 01:06:55
560,Ust-Tsilma,65.441,52.1498,16.63,93,100,10.42,light snow,RU,2022-02-12 01:06:55
561,Matelica,43.2541,13.0106,46.96,89,100,3.69,overcast clouds,IT,2022-02-12 01:06:55
562,Praia,14.9215,-23.5087,73.94,60,0,21.85,clear sky,CV,2022-02-12 01:04:01
563,Tigil,57.8,158.6667,-3.24,94,37,2.39,scattered clouds,RU,2022-02-12 01:06:56
564,Largs,55.7963,-4.8634,45.28,93,100,27.78,light rain,GB,2022-02-12 01:06:56
565,North Augusta,33.5018,-81.9651,60.15,56,0,6.91,clear sky,US,2022-02-12 01:02:55
566,Eureka,40.8021,-124.1637,67.68,70,100,4.32,overcast clouds,US,2022-02-12 01:04:16
567,Bageshwar,29.85,79.7667,41.67,43,0,3.24,clear sky,IN,2022-02-12 01:06:56
568,Vila,42.0304,-8.1588,44.33,89,95,2.3,overcast clouds,PT,2022-02-12 01:06:57
569,Kamenka,51.3223,42.7678,30.74,88,100,13.18,overcast clouds,RU,2022-02-12 01:06:57
570,Axim,4.8699,-2.2405,78.24,88,74,6.33,broken clouds,GH,2022-02-12 01:06:57
571,Indapur,18.3,73.25,69.78,39,27,3.76,scattered clouds,IN,2022-02-12 01:06:58
572,Salinopolis,-0.6136,-47.3561,78.15,86,100,9.01,overcast clouds,BR,2022-02-12 01:06:58
573,Luanda,-8.8368,13.2343,75.18,87,100,6.4,overcast clouds,AO,2022-02-12 01:06:58
574,Verkhoturye,58.8627,60.8054,7.48,95,100,6.15,light snow,RU,2022-02-12 01:06:58
575,Vestmannaeyjar,63.4427,-20.2734,33.01,72,100,9.31,overcast clouds,IS,2022-02-12 01:06:59
576,Sao Francisco,-15.9486,-44.8644,71.38,90,55,3.78,light rain,BR,2022-02-12 01:04:40
577,Bosaso,11.2842,49.1816,72.77,70,58,4.68,broken clouds,SO,2022-02-12 01:06:59
578,Kyra,49.5776,111.9753,-14.17,90,79,3.18,broken clouds,RU,2022-02-12 01:06:59
579,Ust-Kuyga,70.0167,135.6,-21.73,98,98,7.9,overcast clouds,RU,2022-02-12 01:07:00
580,Saint-Leu,-21.15,55.2833,76.06,78,8,5.19,light rain,RE,2022-02-12 01:07:00
581,Lac Du Bonnet,50.2536,-96.0612,-22.43,97,7,6.91,clear sky,CA,2022-02-12 01:07:00
582,Mujiayingzi,42.1167,118.7833,14.52,75,100,5.82,overcast clouds,CN,2022-02-12 01:07:01
583,Pierre,44.3683,-100.351,18.05,66,44,15.01,scattered clouds,US,2022-02-12 01:02:03
584,Durban,-29.8579,31.0292,79.02,89,40,1.01,scattered clouds,ZA,2022-02-12 01:07:01
585,Haukipudas,65.1765,25.3523,14.05,98,47,5.66,scattered clouds,FI,2022-02-12 01:07:01
586,Esfarayen,37.0765,57.5101,37.09,77,100,4.36,overcast clouds,IR,2022-02-12 01:07:02
587,Syracuse,37.0881,15.2792,50.31,73,100,5.35,overcast clouds,IT,2022-02-12 01:07:02
588,Kamarion,36.8,25.8167,52.75,61,5,6.4,clear sky,GR,2022-02-12 01:07:02
589,Pouebo,-20.4,164.5667,84.29,72,71,8.12,broken clouds,NC,2022-02-12 01:07:02
590,Rawson,-43.3002,-65.1023,61.83,47,100,13.27,overcast clouds,AR,2022-02-12 01:07:03
591,Marsa Matruh,31.3525,27.2453,53.06,67,0,4.99,clear sky,EG,2022-02-12 01:07:03
592,Dolores,-36.3132,-57.6792,60.21,66,100,14.81,light rain,AR,2022-02-12 01:07:03
593,Remanso,-9.6179,-42.0831,74.8,79,21,3.85,few clouds,BR,2022-02-12 01:07:04
594,Stornoway,58.2093,-6.3865,46.36,93,75,32.21,broken clouds,GB,2022-02-12 01:08:04
595,Zhangzhou,24.5133,117.6556,62.15,82,25,1.97,scattered clouds,CN,2022-02-12 01:08:05
596,Okhotsk,59.3833,143.3,-5.57,77,33,9.35,scattered clouds,RU,2022-02-12 01:08:05
597,Fallon,39.4735,-118.7774,60.67,32,0,4.61,clear sky,US,2022-02-12 01:08:05
598,Lumut,4.2323,100.6298,76.24,83,79,5.01,broken clouds,MY,2022-02-12 01:08:06
599,Abu Dhabi,24.4667,54.3667,66.22,59,0,4.61,clear sky,AE,2022-02-12 01:08:06
600,Ak-Dovurak,51.1833,90.6,-25.71,95,86,1.16,overcast clouds,RU,2022-02-12 01:08:06
601,Ibra,22.6906,58.5334,59.29,69,0,3.78,clear sky,OM,2022-02-12 01:08:07
602,Dickinson,29.4608,-95.0513,66.09,79,0,3.44,clear sky,US,2022-02-12 01:08:07
603,Oistins,13.0667,-59.5333,77.09,57,20,20.71,few clouds,BB,2022-02-12 01:04:49
604,Qaqortoq,60.7167,-46.0333,25.3,84,100,8.79,overcast clouds,GL,2022-02-12 01:08:07
605,Cap Malheureux,-19.9842,57.6142,75.69,81,98,1.99,overcast clouds,MU,2022-02-12 01:06:51
606,Lakhtar,22.85,71.7833,59.54,32,0,7.29,clear sky,IN,2022-02-12 01:08:08
607,Iquitos,-3.7481,-73.2472,75.24,100,75,4.61,broken clouds,PE,2022-02-12 01:08:08
608,Batouri,4.4333,14.3667,69.48,24,70,1.45,broken clouds,CM,2022-02-12 01:08:08
609,Aksarka,66.5606,67.7975,-3.01,87,100,11.1,overcast clouds,RU,2022-02-12 01:08:09
610,Sarakhs,36.5449,61.1577,46.96,68,100,8.39,overcast clouds,IR,2022-02-12 01:08:09
611,Baoro,5.6667,15.9667,66.43,18,23,5.12,few clouds,CF,2022-02-12 01:08:09
612,Severnoye,56.3491,78.3619,-16.55,100,100,5.88,overcast clouds,RU,2022-02-12 01:08:10
613,Benguela,-12.5763,13.4055,74.79,76,100,4.61,overcast clouds,AO,2022-02-12 01:08:10
614,Shenjiamen,29.9576,122.298,47.26,90,100,11.05,overcast clouds,CN,2022-02-12 01:08:10
615,Hualmay,-11.0964,-77.6139,71.1,81,90,8.9,overcast clouds,PE,2022-02-12 01:08:11
616,Sechura,-5.5569,-80.8222,73.74,72,100,14.12,overcast clouds,PE,2022-02-12 01:08:11
617,Port Augusta,-32.5,137.7667,84.7,23,0,4.34,clear sky,AU,2022-02-12 01:08:11
618,Port-Cartier,50.0334,-66.8654,16.75,91,100,5.53,overcast clouds,CA,2022-02-12 01:08:12
619,Tres Arroyos,-38.3739,-60.2798,54.01,64,99,6.55,overcast clouds,AR,2022-02-12 01:08:12
620,Tabas,33.5959,56.9244,53.53,40,93,4.92,overcast clouds,IR,2022-02-12 01:08:12
621,Tual,-5.6667,132.75,82.29,69,84,1.01,broken clouds,ID,2022-02-12 01:08:13
622,Sunrise Manor,36.2111,-115.0731,77.09,11,0,8.05,clear sky,US,2022-02-12 01:08:13
623,Skjervoy,70.0311,20.9714,29.71,66,100,16.87,light snow,NO,2022-02-12 01:08:13
624,Coihaique,-45.5752,-72.0662,57.15,58,0,8.05,clear sky,CL,2022-02-12 01:08:13
625,Gondanglegi,-7.7479,112.0132,74.71,95,100,4.79,overcast clouds,ID,2022-02-12 01:08:14
626,Carupano,10.6678,-63.2585,74.86,86,12,13.22,few clouds,VE,2022-02-12 01:08:14
627,Sungairaya,0.7,108.9,76.73,89,95,4.0,overcast clouds,ID,2022-02-12 01:08:14
628,Makhachkala,42.9764,47.5024,33.78,70,7,6.02,clear sky,RU,2022-02-12 01:08:15
629,Bambanglipuro,-7.95,110.2833,79.07,82,100,5.41,overcast clouds,ID,2022-02-12 01:08:15
630,Road Town,18.4167,-64.6167,75.99,75,7,22.55,clear sky,VG,2022-02-12 01:08:15
631,Awjilah,29.1081,21.2869,51.3,55,0,5.37,clear sky,LY,2022-02-12 01:08:16
632,Bud,39.447,-86.1758,40.41,93,88,10.0,overcast clouds,US,2022-02-12 01:08:16
633,Imeni Poliny Osipenko,52.4201,136.4853,11.71,92,100,11.25,light snow,RU,2022-02-12 01:08:16
634,Niteroi,-22.8833,-43.1036,77.59,83,75,5.75,broken clouds,BR,2022-02-12 01:08:16
635,Marawi,7.9986,124.2928,77.25,72,16,1.77,few clouds,PH,2022-02-12 01:08:17
636,Kiunga,-6.1219,141.2906,87.19,58,36,2.24,scattered clouds,PG,2022-02-12 01:08:17
637,Thaba-Tseka,-29.522,28.6084,54.97,54,30,1.79,scattered clouds,LS,2022-02-12 01:08:17
638,San Pedro De Lloc,-7.4328,-79.5058,72.03,75,47,12.12,scattered clouds,PE,2022-02-12 01:08:18
639,Biskupiec,53.8647,20.9569,31.82,78,8,11.86,clear sky,PL,2022-02-12 01:08:18
640,Tura,25.5198,90.2201,52.83,69,0,2.71,clear sky,IN,2022-02-12 01:08:18
641,Batagay-Alyta,67.8006,130.4114,-21.73,88,63,5.17,broken clouds,RU,2022-02-12 01:08:19
642,Shakiso,5.75,38.9167,56.46,49,29,3.74,scattered clouds,ET,2022-02-12 01:09:19
643,Scarborough,54.2797,-0.4044,39.83,82,100,11.01,overcast clouds,GB,2022-02-12 01:09:00
644,Mpulungu,-8.7623,31.1141,70.18,84,99,2.68,overcast clouds,ZM,2022-02-12 01:09:19
645,Tarpon Springs,28.1461,-82.7568,65.21,81,0,1.99,clear sky,US,2022-02-12 01:06:21
646,Vila Do Maio,15.1333,-23.2167,74.19,75,100,15.17,overcast clouds,CV,2022-02-12 01:09:20
647,Djambala,-2.5447,14.7533,71.76,81,96,2.04,overcast clouds,CG,2022-02-12 01:09:20
648,Znamenskoye,57.1281,73.8282,-10.39,97,33,6.49,scattered clouds,RU,2022-02-12 01:09:20
649,Nizwa,22.9333,57.5333,59.7,65,0,2.68,clear sky,OM,2022-02-12 01:09:21
650,Plettenberg Bay,-34.0527,23.3716,64.33,81,0,3.85,clear sky,ZA,2022-02-12 01:09:21
651,Teplyk,48.6657,29.745,39.65,89,100,12.59,overcast clouds,UA,2022-02-12 01:09:21
652,Evensk,61.95,159.2333,-5.76,75,21,4.18,few clouds,RU,2022-02-12 01:09:22
653,Adana,36.985,35.2881,42.82,75,0,5.75,clear sky,TR,2022-02-12 01:09:22
654,Umm Lajj,25.0213,37.2685,64.27,36,0,21.05,clear sky,SA,2022-02-12 01:09:22
655,Itaituba,-4.2761,-55.9836,73.98,98,100,1.63,light rain,BR,2022-02-12 01:08:08
656,Shanghai,31.2222,121.4581,48.07,68,40,6.71,scattered clouds,CN,2022-02-12 01:09:23
657,Quatre Cocos,-20.2078,57.7625,75.31,82,81,2.71,broken clouds,MU,2022-02-12 01:09:23
658,Taoudenni,22.6783,-3.9836,60.89,25,0,11.56,clear sky,ML,2022-02-12 01:09:23
659,Baykit,61.67,96.37,-18.65,98,9,1.59,clear sky,RU,2022-02-12 01:09:24
660,Karanpura,29.1018,75.092,53.33,31,0,4.74,clear sky,IN,2022-02-12 01:09:24
661,Bensonville,6.4461,-10.6125,76.55,96,10,1.48,clear sky,LR,2022-02-12 01:09:24
662,Balabac,7.9868,117.0645,81.09,82,79,13.35,broken clouds,PH,2022-02-12 01:09:25
663,Maumere,-8.6199,122.2111,80.24,82,100,2.51,light rain,ID,2022-02-12 01:09:25
664,Eldorado,-23.7869,-54.2836,73.08,62,0,3.13,clear sky,BR,2022-02-12 01:08:31
665,Santa Fe,-31.6333,-60.7,66.0,80,100,11.99,light rain,AR,2022-02-12 01:08:27
666,Dukat,62.55,155.55,-15.59,77,80,3.33,broken clouds,RU,2022-02-12 01:09:25
667,Tomigusuku,26.185,127.675,71.37,71,75,12.66,broken clouds,JP,2022-02-12 01:09:26
668,Gorontalo,0.5412,123.0595,81.45,82,100,1.12,overcast clouds,ID,2022-02-12 01:09:26
669,Abomsa,9.9833,39.9833,64.44,49,5,1.19,clear sky,ET,2022-02-12 01:09:26
670,Udachnyy,66.4167,112.4,-16.33,100,99,3.27,overcast clouds,RU,2022-02-12 01:09:27
671,Sibu,2.3,111.8167,73.47,98,100,1.63,overcast clouds,MY,2022-02-12 01:09:27
